INDICADOR DO PREÇO DO LEITE AO PRODUTOR (R$/LITRO),,,
,,,
Fonte: Cepea,,,
Ano,Mês,Estado,Preço médio
2004,DEZ,RS,"0,48"
2004,DEZ,PR,"0,48"
2004,DEZ,SP,"0,51"
2004,DEZ,MG,"0,49"
2004,DEZ,GO,"0,49"
2004,DEZ,BA,"0,45"
2004,DEZ,BRASIL,"0,49"
2005,JAN,RS,"0,49"
2005,JAN,PR,"0,47"
2005,JAN,SP,"0,5"
2005,JAN,MG,"0,51"
2005,JAN,GO,"0,49"
2005,JAN,BA,"0,43"
2005,JAN,BRASIL,"0,5"
2005,FEV,RS,"0,49"
2005,FEV,PR,"0,47"
2005,FEV,SP,"0,52"
2005,FEV,MG,"0,52"
2005,FEV,GO,"0,52"
2005,FEV,BA,"0,43"
2005,FEV,BRASIL,"0,51"
2005,MAR,RS,"0,51"
2005,MAR,PR,"0,51"
2005,MAR,SP,"0,54"
2005,MAR,MG,"0,54"
2005,MAR,GO,"0,55"
2005,MAR,BA,"0,45"
2005,MAR,BRASIL,"0,53"
2005,ABR,RS,"0,52"
2005,ABR,PR,"0,53"
2005,ABR,SP,"0,58"
2005,ABR,MG,"0,55"
2005,ABR,GO,"0,57"
2005,ABR,BA,"0,45"
2005,ABR,BRASIL,"0,55"
2005,MAI,RS,"0,52"
2005,MAI,PR,"0,52"
2005,MAI,SP,"0,58"
2005,MAI,MG,"0,55"
2005,MAI,GO,"0,57"
2005,MAI,BA,"0,45"
2005,MAI,BRASIL,"0,55"
2005,JUN,RS,"0,5"
2005,JUN,PR,"0,48"
2005,JUN,SP,"0,55"
2005,JUN,MG,"0,55"
2005,JUN,GO,"0,53"
2005,JUN,BA,"0,46"
2005,JUN,BRASIL,"0,53"
2005,JUL,RS,"0,44"
2005,JUL,SC,"0,41"
2005,JUL,PR,"0,45"
2005,JUL,SP,"0,49"
2005,JUL,MG,"0,5"
2005,JUL,GO,"0,46"
2005,JUL,BA,"0,45"
2005,JUL,BRASIL,"0,47"
2005,AGO,RS,"0,41"
2005,AGO,SC,"0,38"
2005,AGO,PR,"0,41"
2005,AGO,SP,"0,47"
2005,AGO,MG,"0,46"
2005,AGO,GO,"0,46"
2005,AGO,BA,"0,42"
2005,AGO,BRASIL,"0,44"
2005,SET,RS,"0,41"
2005,SET,SC,"0,38"
2005,SET,PR,"0,39"
2005,SET,SP,"0,45"
2005,SET,MG,"0,45"
2005,SET,GO,"0,44"
2005,SET,BA,"0,42"
2005,SET,BRASIL,"0,43"
2005,OUT,RS,"0,41"
2005,OUT,SC,"0,44"
2005,OUT,PR,"0,48"
2005,OUT,SP,"0,36"
2005,OUT,MG,"0,38"
2005,OUT,GO,"0,46"
2005,OUT,BA,"0,45"
2005,OUT,BRASIL,"0,41"
2005,NOV,RS,"0,41"
2005,NOV,SC,"0,37"
2005,NOV,PR,"0,37"
2005,NOV,SP,"0,41"
2005,NOV,MG,"0,42"
2005,NOV,GO,"0,38"
2005,NOV,BA,"0,38"
2005,NOV,BRASIL,"0,4"
2005,DEZ,RS,"0,4"
2005,DEZ,SC,"0,38"
2005,DEZ,PR,"0,35"
2005,DEZ,SP,"0,39"
2005,DEZ,MG,"0,41"
2005,DEZ,GO,"0,35"
2005,DEZ,BA,"0,35"
2005,DEZ,BRASIL,"0,39"
2006,JAN,RS,"0,39"
2006,JAN,SC,"0,37"
2006,JAN,PR,"0,38"
2006,JAN,SP,"0,4"
2006,JAN,MG,"0,42"
2006,JAN,GO,"0,38"
2006,JAN,BA,"0,36"
2006,JAN,BRASIL,"0,4"
2006,FEV,RS,"0,41"
2006,FEV,SC,"0,38"
2006,FEV,PR,"0,38"
2006,FEV,SP,"0,43"
2006,FEV,MG,"0,42"
2006,FEV,GO,"0,42"
2006,FEV,BA,"0,36"
2006,FEV,BRASIL,"0,38"
2006,MAR,RS,"0,41"
2006,MAR,SC,"0,39"
2006,MAR,PR,"0,44"
2006,MAR,SP,"0,47"
2006,MAR,MG,"0,46"
2006,MAR,GO,"0,43"
2006,MAR,BA,"0,37"
2006,MAR,BRASIL,"0,44"
2006,ABR,RS,"0,44"
2006,ABR,SC,"0,41"
2006,ABR,PR,"0,45"
2006,ABR,SP,"0,49"
2006,ABR,MG,"0,47"
2006,ABR,GO,"0,46"
2006,ABR,BA,"0,38"
2006,ABR,BRASIL,"0,46"
2006,MAI,RS,"0,43"
2006,MAI,SC,"0,41"
2006,MAI,PR,"0,44"
2006,MAI,SP,"0,49"
2006,MAI,MG,"0,48"
2006,MAI,GO,"0,46"
2006,MAI,BA,"0,38"
2006,MAI,BRASIL,"0,46"
2006,JUN,RS,"0,4"
2006,JUN,SC,"0,41"
2006,JUN,PR,"0,45"
2006,JUN,SP,"0,51"
2006,JUN,MG,"0,48"
2006,JUN,GO,"0,46"
2006,JUN,BA,"0,4"
2006,JUN,BRASIL,"0,46"
2006,JUL,RS,"0,4"
2006,JUL,SC,"0,42"
2006,JUL,PR,"0,46"
2006,JUL,SP,"0,51"
2006,JUL,MG,"0,47"
2006,JUL,GO,"0,46"
2006,JUL,BA,"0,4"
2006,JUL,BRASIL,"0,46"
2006,AGO,RS,"0,39"
2006,AGO,SC,"0,41"
2006,AGO,PR,"0,45"
2006,AGO,SP,"0,5"
2006,AGO,MG,"0,48"
2006,AGO,GO,"0,47"
2006,AGO,BA,"0,41"
2006,AGO,BRASIL,"0,46"
2006,SET,RS,"0,4"
2006,SET,SC,"0,41"
2006,SET,PR,"0,44"
2006,SET,SP,"0,5"
2006,SET,MG,"0,48"
2006,SET,GO,"0,47"
2006,SET,BA,"0,4"
2006,SET,BRASIL,"0,46"
2006,OUT,RS,"0,41"
2006,OUT,SC,"0,41"
2006,OUT,PR,"0,44"
2006,OUT,SP,"0,49"
2006,OUT,MG,"0,48"
2006,OUT,GO,"0,47"
2006,OUT,BA,"0,41"
2006,OUT,BRASIL,"0,46"
2006,NOV,RS,"0,41"
2006,NOV,SC,"0,39"
2006,NOV,PR,"0,44"
2006,NOV,SP,"0,48"
2006,NOV,MG,"0,47"
2006,NOV,GO,"0,45"
2006,NOV,BA,"0,4"
2006,NOV,BRASIL,"0,45"
2006,DEZ,RS,"0,41"
2006,DEZ,SC,"0,39"
2006,DEZ,PR,"0,43"
2006,DEZ,SP,"0,45"
2006,DEZ,MG,"0,45"
2006,DEZ,GO,"0,44"
2006,DEZ,BA,"0,36"
2006,DEZ,BRASIL,"0,44"
2007,JAN,RS,"0,42"
2007,JAN,SC,"0,4"
2007,JAN,PR,"0,43"
2007,JAN,SP,"0,48"
2007,JAN,MG,"0,46"
2007,JAN,GO,"0,45"
2007,JAN,BA,"0,41"
2007,JAN,BRASIL,"0,45"
2007,FEV,RS,"0,42"
2007,FEV,SC,"0,44"
2007,FEV,PR,"0,44"
2007,FEV,SP,"0,52"
2007,FEV,MG,"0,5"
2007,FEV,GO,"0,48"
2007,FEV,BA,"0,42"
2007,FEV,BRASIL,"0,48"
2007,MAR,RS,"0,44"
2007,MAR,SC,"0,45"
2007,MAR,PR,"0,47"
2007,MAR,SP,"0,53"
2007,MAR,MG,"0,52"
2007,MAR,GO,"0,52"
2007,MAR,BA,"0,43"
2007,MAR,BRASIL,"0,5"
2007,ABR,RS,"0,48"
2007,ABR,SC,"0,47"
2007,ABR,PR,"0,52"
2007,ABR,SP,"0,59"
2007,ABR,MG,"0,56"
2007,ABR,GO,"0,57"
2007,ABR,BA,"0,43"
2007,ABR,BRASIL,"0,54"
2007,MAI,RS,"0,52"
2007,MAI,SC,"0,52"
2007,MAI,PR,"0,58"
2007,MAI,SP,"0,62"
2007,MAI,MG,"0,6"
2007,MAI,GO,"0,62"
2007,MAI,BA,"0,45"
2007,MAI,BRASIL,"0,59"
2007,JUN,RS,"0,59"
2007,JUN,SC,"0,58"
2007,JUN,PR,"0,64"
2007,JUN,SP,"0,68"
2007,JUN,MG,"0,66"
2007,JUN,GO,"0,67"
2007,JUN,BA,"0,48"
2007,JUN,BRASIL,"0,65"
2007,JUL,RS,"0,67"
2007,JUL,SC,"0,65"
2007,JUL,PR,"0,73"
2007,JUL,SP,"0,75"
2007,JUL,MG,"0,76"
2007,JUL,GO,"0,76"
2007,JUL,BA,"0,59"
2007,JUL,BRASIL,"0,73"
2007,AGO,RS,"0,69"
2007,AGO,SC,"0,68"
2007,AGO,PR,"0,73"
2007,AGO,SP,"0,75"
2007,AGO,MG,"0,8"
2007,AGO,GO,"0,82"
2007,AGO,BA,"0,64"
2007,AGO,BRASIL,"0,76"
2007,SET,RS,"0,57"
2007,SET,SC,"0,58"
2007,SET,PR,"0,68"
2007,SET,SP,"0,7"
2007,SET,MG,"0,74"
2007,SET,GO,"0,76"
2007,SET,BA,"0,63"
2007,SET,BRASIL,"0,7"
2007,OUT,RS,"0,55"
2007,OUT,SC,"0,51"
2007,OUT,PR,"0,63"
2007,OUT,SP,"0,65"
2007,OUT,MG,"0,69"
2007,OUT,GO,"0,7"
2007,OUT,BA,"0,62"
2007,OUT,BRASIL,"0,65"
2007,NOV,RS,"0,56"
2007,NOV,SC,"0,55"
2007,NOV,PR,"0,58"
2007,NOV,SP,"0,63"
2007,NOV,MG,"0,69"
2007,NOV,GO,"0,67"
2007,NOV,BA,"0,63"
2007,NOV,BRASIL,"0,64"
2007,DEZ,RS,"0,56"
2007,DEZ,SC,"0,55"
2007,DEZ,PR,"0,57"
2007,DEZ,SP,"0,62"
2007,DEZ,MG,"0,68"
2007,DEZ,GO,"0,66"
2007,DEZ,BA,"0,53"
2007,DEZ,BRASIL,"0,63"
2007,DEZ,MS,"0,5"
2007,DEZ,RJ,"0,59"
2008,JAN,RS,"0,57"
2008,JAN,SC,"0,56"
2008,JAN,PR,"0,59"
2008,JAN,SP,"0,65"
2008,JAN,MG,"0,69"
2008,JAN,GO,"0,7"
2008,JAN,BA,"0,57"
2008,JAN,BRASIL,"0,65"
2008,JAN,MS,"0,5"
2008,JAN,RJ,"0,59"
2008,FEV,RS,"0,59"
2008,FEV,SC,"0,62"
2008,FEV,PR,"0,61"
2008,FEV,SP,"0,67"
2008,FEV,MG,"0,73"
2008,FEV,GO,"0,71"
2008,FEV,BA,"0,59"
2008,FEV,BRASIL,"0,68"
2008,FEV,MS,"0,51"
2008,FEV,RJ,"0,61"
2008,MAR,RS,"0,61"
2008,MAR,SC,"0,65"
2008,MAR,PR,"0,66"
2008,MAR,SP,"0,71"
2008,MAR,MG,"0,74"
2008,MAR,GO,"0,73"
2008,MAR,BA,"0,6"
2008,MAR,BRASIL,"0,7"
2008,MAR,MS,"0,52"
2008,MAR,RJ,"0,63"
2008,ABR,RS,"0,63"
2008,ABR,SC,"0,67"
2008,ABR,PR,"0,68"
2008,ABR,SP,"0,73"
2008,ABR,MG,"0,75"
2008,ABR,GO,"0,74"
2008,ABR,BA,"0,62"
2008,ABR,BRASIL,"0,71"
2008,ABR,MS,"0,6"
2008,ABR,RJ,"0,69"
2008,MAI,RS,"0,64"
2008,MAI,SC,"0,68"
2008,MAI,PR,"0,68"
2008,MAI,SP,"0,76"
2008,MAI,MG,"0,75"
2008,MAI,GO,"0,74"
2008,MAI,BA,"0,63"
2008,MAI,BRASIL,"0,72"
2008,MAI,MS,"0,59"
2008,MAI,RJ,"0,68"
2008,JUN,RS,"0,64"
2008,JUN,SC,"0,67"
2008,JUN,PR,"0,67"
2008,JUN,SP,"0,74"
2008,JUN,MG,"0,72"
2008,JUN,GO,"0,71"
2008,JUN,BA,"0,63"
2008,JUN,BRASIL,"0,7"
2008,JUN,MS,"0,6"
2008,JUN,RJ,"0,73"
2008,JUL,RS,"0,59"
2008,JUL,SC,"0,6"
2008,JUL,PR,"0,63"
2008,JUL,SP,"0,72"
2008,JUL,MG,"0,7"
2008,JUL,GO,"0,68"
2008,JUL,BA,"0,61"
2008,JUL,BRASIL,"0,67"
2008,JUL,MS,"0,56"
2008,JUL,RJ,"0,71"
2008,AGO,RS,"0,55"
2008,AGO,SC,"0,56"
2008,AGO,PR,"0,58"
2008,AGO,SP,"0,68"
2008,AGO,MG,"0,63"
2008,AGO,GO,"0,64"
2008,AGO,BA,"0,6"
2008,AGO,BRASIL,"0,62"
2008,AGO,MS,"0,51"
2008,AGO,RJ,"0,63"
2008,SET,RS,"0,51"
2008,SET,SC,"0,49"
2008,SET,PR,"0,51"
2008,SET,SP,"0,61"
2008,SET,MG,"0,6"
2008,SET,GO,"0,59"
2008,SET,BA,"0,6"
2008,SET,BRASIL,"0,58"
2008,SET,MS,"0,45"
2008,SET,RJ,"0,53"
2008,OUT,RS,"0,51"
2008,OUT,SC,"0,5"
2008,OUT,PR,"0,52"
2008,OUT,SP,"0,61"
2008,OUT,MG,"0,56"
2008,OUT,GO,"0,55"
2008,OUT,BA,"0,6"
2008,OUT,BRASIL,"0,55"
2008,OUT,MS,"0,39"
2008,OUT,RJ,"0,52"
2008,NOV,RS,"0,52"
2008,NOV,SC,"0,54"
2008,NOV,PR,"0,53"
2008,NOV,SP,"0,6"
2008,NOV,MG,"0,56"
2008,NOV,GO,"0,54"
2008,NOV,BA,"0,56"
2008,NOV,BRASIL,"0,56"
2008,NOV,MS,"0,4"
2008,NOV,RJ,"0,53"
2008,DEZ,RS,"0,55"
2008,DEZ,SC,"0,57"
2008,DEZ,PR,"0,55"
2008,DEZ,SP,"0,6"
2008,DEZ,MG,"0,56"
2008,DEZ,GO,"0,54"
2008,DEZ,BA,"0,58"
2008,DEZ,BRASIL,"0,56"
2008,DEZ,MS,"0,4"
2008,DEZ,RJ,"0,52"
2009,JAN,RS,"0,55"
2009,JAN,SC,"0,57"
2009,JAN,PR,"0,56"
2009,JAN,SP,"0,6"
2009,JAN,MG,"0,56"
2009,JAN,GO,"0,53"
2009,JAN,BA,"0,58"
2009,JAN,BRASIL,"0,56"
2009,JAN,MS,"0,43"
2009,JAN,RJ,"0,51"
2009,FEV,RS,"0,55"
2009,FEV,SC,"0,59"
2009,FEV,PR,"0,57"
2009,FEV,SP,"0,6"
2009,FEV,MG,"0,57"
2009,FEV,GO,"0,55"
2009,FEV,BA,"0,58"
2009,FEV,BRASIL,"0,57"
2009,FEV,MS,"0,44"
2009,FEV,RJ,"0,53"
2009,MAR,RS,"0,55"
2009,MAR,SC,"0,58"
2009,MAR,PR,"0,58"
2009,MAR,SP,"0,62"
2009,MAR,MG,"0,6"
2009,MAR,GO,"0,58"
2009,MAR,BA,"0,58"
2009,MAR,BRASIL,"0,59"
2009,MAR,MS,"0,45"
2009,MAR,RJ,"0,55"
2009,ABR,RS,"0,59"
2009,ABR,SC,"0,62"
2009,ABR,PR,"0,61"
2009,ABR,SP,"0,65"
2009,ABR,MG,"0,63"
2009,ABR,GO,"0,63"
2009,ABR,BA,"0,59"
2009,ABR,BRASIL,"0,62"
2009,ABR,MS,"0,48"
2009,ABR,RJ,"0,6"
2009,MAI,RS,"0,63"
2009,MAI,SC,"0,7"
2009,MAI,PR,"0,69"
2009,MAI,SP,"0,7"
2009,MAI,MG,"0,66"
2009,MAI,GO,"0,67"
2009,MAI,BA,"0,6"
2009,MAI,BRASIL,"0,67"
2009,MAI,MS,"0,5"
2009,MAI,RJ,"0,65"
2009,JUN,RS,"0,67"
2009,JUN,SC,"0,73"
2009,JUN,PR,"0,76"
2009,JUN,SP,"0,77"
2009,JUN,MG,"0,73"
2009,JUN,GO,"0,72"
2009,JUN,BA,"0,61"
2009,JUN,BRASIL,"0,73"
2009,JUN,MS,"0,59"
2009,JUN,RJ,"0,75"
2009,JUL,RS,"0,68"
2009,JUL,SC,"0,72"
2009,JUL,PR,"0,75"
2009,JUL,SP,"0,77"
2009,JUL,MG,"0,73"
2009,JUL,GO,"0,72"
2009,JUL,BA,"0,6"
2009,JUL,BRASIL,"0,73"
2009,JUL,MS,"0,54"
2009,JUL,RJ,"0,75"
2009,AGO,RS,"0,65"
2009,AGO,SC,"0,66"
2009,AGO,PR,"0,69"
2009,AGO,SP,"0,74"
2009,AGO,MG,"0,71"
2009,AGO,GO,"0,7"
2009,AGO,BA,"0,63"
2009,AGO,BRASIL,"0,7"
2009,AGO,MS,"0,53"
2009,AGO,RJ,"0,67"
2009,SET,RS,"0,6"
2009,SET,SC,"0,6"
2009,SET,PR,"0,64"
2009,SET,SP,"0,7"
2009,SET,MG,"0,67"
2009,SET,GO,"0,66"
2009,SET,BA,"0,63"
2009,SET,BRASIL,"0,66"
2009,SET,MS,"0,5"
2009,SET,RJ,"0,63"
2009,OUT,RS,"0,55"
2009,OUT,SC,"0,55"
2009,OUT,PR,"0,6"
2009,OUT,SP,"0,63"
2009,OUT,MG,"0,61"
2009,OUT,GO,"0,6"
2009,OUT,BA,"0,63"
2009,OUT,BRASIL,"0,6"
2009,OUT,MS,"0,45"
2009,OUT,RJ,"0,57"
2009,NOV,RS,"0,55"
2009,NOV,SC,"0,54"
2009,NOV,PR,"0,56"
2009,NOV,SP,"0,59"
2009,NOV,MG,"0,59"
2009,NOV,GO,"0,55"
2009,NOV,BA,"0,57"
2009,NOV,BRASIL,"0,57"
2009,NOV,MS,"0,45"
2009,NOV,RJ,"0,55"
2009,DEZ,RS,"0,54"
2009,DEZ,SC,"0,55"
2009,DEZ,PR,"0,56"
2009,DEZ,SP,"0,59"
2009,DEZ,MG,"0,58"
2009,DEZ,GO,"0,55"
2009,DEZ,BA,"0,55"
2009,DEZ,BRASIL,"0,57"
2009,DEZ,MS,"0,43"
2009,DEZ,RJ,"0,5"
2010,JAN,RS,"0,55"
2010,JAN,SC,"0,57"
2010,JAN,PR,"0,57"
2010,JAN,SP,"0,59"
2010,JAN,MG,"0,61"
2010,JAN,GO,"0,57"
2010,JAN,BA,"0,56"
2010,JAN,BRASIL,"0,59"
2010,JAN,MS,"0,44"
2010,JAN,RJ,"0,53"
2010,FEV,RS,"0,62"
2010,FEV,SC,"0,64"
2010,FEV,PR,"0,64"
2010,FEV,SP,"0,63"
2010,FEV,MG,"0,66"
2010,FEV,GO,"0,65"
2010,FEV,BA,"0,59"
2010,FEV,BRASIL,"0,64"
2010,FEV,MS,"0,48"
2010,FEV,RJ,"0,57"
2010,MAR,RS,"0,69"
2010,MAR,SC,"0,69"
2010,MAR,PR,"0,71"
2010,MAR,SP,"0,72"
2010,MAR,MG,"0,74"
2010,MAR,GO,"0,72"
2010,MAR,BA,"0,63"
2010,MAR,BRASIL,"0,72"
2010,MAR,MS,"0,56"
2010,MAR,RJ,"0,71"
2010,ABR,RS,"0,69"
2010,ABR,SC,"0,74"
2010,ABR,PR,"0,76"
2010,ABR,SP,"0,75"
2010,ABR,MG,"0,78"
2010,ABR,GO,"0,78"
2010,ABR,BA,"0,66"
2010,ABR,BRASIL,"0,76"
2010,ABR,MS,"0,58"
2010,ABR,RJ,"0,72"
2010,MAI,RS,"0,65"
2010,MAI,SC,"0,73"
2010,MAI,PR,"0,73"
2010,MAI,SP,"0,71"
2010,MAI,MG,"0,77"
2010,MAI,GO,"0,73"
2010,MAI,BA,"0,66"
2010,MAI,BRASIL,"0,72"
2010,MAI,MS,"0,58"
2010,MAI,RJ,"0,67"
2010,JUN,RS,"0,59"
2010,JUN,SC,"0,68"
2010,JUN,PR,"0,67"
2010,JUN,SP,"0,71"
2010,JUN,MG,"0,72"
2010,JUN,GO,"0,67"
2010,JUN,BA,"0,65"
2010,JUN,BRASIL,"0,68"
2010,JUN,MS,"0,56"
2010,JUN,RJ,"0,63"
2010,JUL,RS,"0,57"
2010,JUL,SC,"0,63"
2010,JUL,PR,"0,65"
2010,JUL,SP,"0,7"
2010,JUL,MG,"0,67"
2010,JUL,GO,"0,65"
2010,JUL,BA,"0,64"
2010,JUL,BRASIL,"0,65"
2010,JUL,MS,"0,54"
2010,JUL,RJ,"0,61"
2010,AGO,RS,"0,57"
2010,AGO,SC,"0,61"
2010,AGO,PR,"0,65"
2010,AGO,SP,"0,71"
2010,AGO,MG,"0,68"
2010,AGO,GO,"0,66"
2010,AGO,BA,"0,64"
2010,AGO,BRASIL,"0,65"
2010,AGO,MS,"0,53"
2010,AGO,RJ,"0,63"
2010,SET,RS,"0,56"
2010,SET,SC,"0,64"
2010,SET,PR,"0,66"
2010,SET,SP,"0,71"
2010,SET,MG,"0,68"
2010,SET,GO,"0,66"
2010,SET,BA,"0,64"
2010,SET,BRASIL,"0,65"
2010,SET,MS,"0,57"
2010,SET,RJ,"0,64"
2010,OUT,RS,"0,59"
2010,OUT,SC,"0,65"
2010,OUT,PR,"0,69"
2010,OUT,SP,"0,71"
2010,OUT,MG,"0,68"
2010,OUT,GO,"0,69"
2010,OUT,BA,"0,63"
2010,OUT,BRASIL,"0,67"
2010,OUT,MS,"0,59"
2010,OUT,RJ,"0,64"
2010,NOV,RS,"0,61"
2010,NOV,SC,"0,68"
2010,NOV,PR,"0,69"
2010,NOV,SP,"0,71"
2010,NOV,MG,"0,68"
2010,NOV,GO,"0,69"
2010,NOV,BA,"0,61"
2010,NOV,BRASIL,"0,67"
2010,NOV,MS,"0,58"
2010,NOV,RJ,"0,63"
2010,DEZ,RS,"0,63"
2010,DEZ,SC,"0,69"
2010,DEZ,PR,"0,7"
2010,DEZ,SP,"0,71"
2010,DEZ,MG,"0,67"
2010,DEZ,GO,"0,7"
2010,DEZ,BA,"0,59"
2010,DEZ,BRASIL,"0,68"
2010,DEZ,MS,"0,54"
2010,DEZ,RJ,"0,62"
2011,JAN,RS,"0,64"
2011,JAN,SC,"0,69"
2011,JAN,PR,"0,7"
2011,JAN,SP,"0,71"
2011,JAN,MG,"0,68"
2011,JAN,GO,"0,7"
2011,JAN,BA,"0,58"
2011,JAN,BRASIL,"0,68"
2011,JAN,MS,"0,55"
2011,JAN,RJ,"0,62"
2011,FEV,RS,"0,66"
2011,FEV,SC,"0,7"
2011,FEV,PR,"0,69"
2011,FEV,SP,"0,74"
2011,FEV,MG,"0,7"
2011,FEV,GO,"0,72"
2011,FEV,BA,"0,6"
2011,FEV,BRASIL,"0,7"
2011,FEV,MS,"0,57"
2011,FEV,RJ,"0,63"
2011,MAR,RS,"0,7"
2011,MAR,SC,"0,74"
2011,MAR,PR,"0,72"
2011,MAR,SP,"0,77"
2011,MAR,MG,"0,74"
2011,MAR,GO,"0,75"
2011,MAR,BA,"0,64"
2011,MAR,BRASIL,"0,74"
2011,MAR,MS,"0,6"
2011,MAR,RJ,"0,67"
2011,ABR,RS,"0,74"
2011,ABR,SC,"0,77"
2011,ABR,PR,"0,78"
2011,ABR,SP,"0,8"
2011,ABR,MG,"0,78"
2011,ABR,GO,"0,79"
2011,ABR,BA,"0,67"
2011,ABR,BRASIL,"0,78"
2011,ABR,MS,"0,63"
2011,ABR,RJ,"0,62"
2011,MAI,RS,"0,76"
2011,MAI,SC,"0,79"
2011,MAI,PR,"0,8"
2011,MAI,SP,"0,83"
2011,MAI,MG,"0,8"
2011,MAI,GO,"0,83"
2011,MAI,BA,"0,68"
2011,MAI,BRASIL,"0,8"
2011,MAI,MS,"0,68"
2011,MAI,RJ,"0,69"
2011,JUN,RS,"0,73"
2011,JUN,SC,"0,76"
2011,JUN,PR,"0,79"
2011,JUN,SP,"0,85"
2011,JUN,MG,"0,81"
2011,JUN,GO,"0,83"
2011,JUN,BA,"0,68"
2011,JUN,BRASIL,"0,8"
2011,JUN,MS,"0,68"
2011,JUN,RJ,"0,79"
2011,JUL,RS,"0,72"
2011,JUL,SC,"0,8"
2011,JUL,PR,"0,79"
2011,JUL,SP,"0,85"
2011,JUL,MG,"0,83"
2011,JUL,GO,"0,84"
2011,JUL,BA,"0,69"
2011,JUL,BRASIL,"0,81"
2011,JUL,MS,"0,76"
2011,JUL,RJ,"0,8"
2011,AGO,RS,"0,75"
2011,AGO,SC,"0,81"
2011,AGO,PR,"0,81"
2011,AGO,SP,"0,87"
2011,AGO,MG,"0,84"
2011,AGO,GO,"0,87"
2011,AGO,BA,"0,71"
2011,AGO,BRASIL,"0,83"
2011,AGO,MS,"0,75"
2011,AGO,RJ,"0,81"
2011,SET,RS,"0,75"
2011,SET,SC,"0,81"
2011,SET,PR,"0,8"
2011,SET,SP,"0,87"
2011,SET,MG,"0,83"
2011,SET,GO,"0,88"
2011,SET,BA,"0,7"
2011,SET,BRASIL,"0,82"
2011,SET,MS,"0,72"
2011,SET,RJ,"0,83"
2011,OUT,RS,"0,71"
2011,OUT,SC,"0,77"
2011,OUT,PR,"0,79"
2011,OUT,SP,"0,86"
2011,OUT,MG,"0,8"
2011,OUT,GO,"0,81"
2011,OUT,BA,"0,69"
2011,OUT,BRASIL,"0,79"
2011,OUT,MS,"0,7"
2011,OUT,RJ,"0,85"
2011,NOV,RS,"0,73"
2011,NOV,SC,"0,77"
2011,NOV,PR,"0,77"
2011,NOV,SP,"0,84"
2011,NOV,MG,"0,78"
2011,NOV,GO,"0,79"
2011,NOV,BA,"0,7"
2011,NOV,BRASIL,"0,78"
2011,NOV,MS,"0,67"
2011,NOV,RJ,"0,83"
2011,DEZ,RS,"0,73"
2011,DEZ,SC,"0,77"
2011,DEZ,PR,"0,77"
2011,DEZ,SP,"0,81"
2011,DEZ,MG,"0,76"
2011,DEZ,GO,"0,77"
2011,DEZ,BA,"0,69"
2011,DEZ,BRASIL,"0,77"
2011,DEZ,MS,"0,64"
2011,DEZ,RJ,"0,81"
2012,JAN,RS,"0,75"
2012,JAN,SC,"0,78"
2012,JAN,PR,"0,77"
2012,JAN,SP,"0,81"
2012,JAN,MG,"0,78"
2012,JAN,GO,"0,78"
2012,JAN,BA,"0,68"
2012,JAN,BRASIL,"0,78"
2012,JAN,MS,"0,64"
2012,JAN,RJ,"0,8"
2012,FEV,RS,"0,77"
2012,FEV,SC,"0,77"
2012,FEV,PR,"0,76"
2012,FEV,SP,"0,81"
2012,FEV,MG,"0,8"
2012,FEV,GO,"0,82"
2012,FEV,BA,"0,7"
2012,FEV,BRASIL,"0,79"
2012,FEV,MS,"0,65"
2012,FEV,RJ,"0,8"
2012,MAR,RS,"0,78"
2012,MAR,SC,"0,78"
2012,MAR,PR,"0,77"
2012,MAR,SP,"0,83"
2012,MAR,MG,"0,82"
2012,MAR,GO,"0,85"
2012,MAR,BA,"0,72"
2012,MAR,BRASIL,"0,8"
2012,MAR,MS,"0,65"
2012,MAR,RJ,"0,84"
2012,ABR,RS,"0,78"
2012,ABR,SC,"0,77"
2012,ABR,PR,"0,77"
2012,ABR,SP,"0,83"
2012,ABR,MG,"0,83"
2012,ABR,GO,"0,85"
2012,ABR,BA,"0,78"
2012,ABR,BRASIL,"0,81"
2012,ABR,CE,"0,78"
2012,ABR,ES,"0,78"
2012,ABR,MS,"0,68"
2012,ABR,RJ,"0,83"
2012,MAI,RS,"0,76"
2012,MAI,SC,"0,76"
2012,MAI,PR,"0,76"
2012,MAI,SP,"0,82"
2012,MAI,MG,"0,8"
2012,MAI,GO,"0,81"
2012,MAI,BA,"0,79"
2012,MAI,BRASIL,"0,79"
2012,MAI,CE,"0,78"
2012,MAI,ES,"0,81"
2012,MAI,MS,"0,68"
2012,MAI,RJ,"0,84"
2012,JUN,RS,"0,74"
2012,JUN,SC,"0,75"
2012,JUN,PR,"0,76"
2012,JUN,SP,"0,81"
2012,JUN,MG,"0,79"
2012,JUN,GO,"0,79"
2012,JUN,BA,"0,8"
2012,JUN,BRASIL,"0,78"
2012,JUN,CE,"0,82"
2012,JUN,ES,"0,78"
2012,JUN,MS,"0,65"
2012,JUN,RJ,"0,83"
2012,JUL,RS,"0,73"
2012,JUL,SC,"0,77"
2012,JUL,PR,"0,77"
2012,JUL,SP,"0,82"
2012,JUL,MG,"0,8"
2012,JUL,GO,"0,8"
2012,JUL,BA,"0,8"
2012,JUL,BRASIL,"0,79"
2012,JUL,CE,"0,82"
2012,JUL,ES,"0,78"
2012,JUL,MS,"0,7"
2012,JUL,RJ,"0,84"
2012,AGO,RS,"0,74"
2012,AGO,SC,"0,78"
2012,AGO,PR,"0,77"
2012,AGO,SP,"0,83"
2012,AGO,MG,"0,82"
2012,AGO,GO,"0,83"
2012,AGO,BA,"0,79"
2012,AGO,BRASIL,"0,8"
2012,AGO,CE,"0,83"
2012,AGO,ES,"0,78"
2012,AGO,MS,"0,71"
2012,AGO,RJ,"0,85"
2012,SET,RS,"0,75"
2012,SET,SC,"0,79"
2012,SET,PR,"0,79"
2012,SET,SP,"0,84"
2012,SET,MG,"0,82"
2012,SET,GO,"0,86"
2012,SET,BA,"0,81"
2012,SET,BRASIL,"0,81"
2012,SET,CE,"0,85"
2012,SET,ES,"0,8"
2012,SET,MS,"0,71"
2012,SET,RJ,"0,89"
2012,OUT,RS,"0,75"
2012,OUT,SC,"0,79"
2012,OUT,PR,"0,8"
2012,OUT,SP,"0,85"
2012,OUT,MG,"0,84"
2012,OUT,GO,"0,87"
2012,OUT,BA,"0,81"
2012,OUT,BRASIL,"0,82"
2012,OUT,CE,"0,86"
2012,OUT,ES,"0,79"
2012,OUT,MS,"0,72"
2012,OUT,RJ,"0,9"
2012,NOV,RS,"0,75"
2012,NOV,SC,"0,8"
2012,NOV,PR,"0,82"
2012,NOV,SP,"0,86"
2012,NOV,MG,"0,83"
2012,NOV,GO,"0,86"
2012,NOV,BA,"0,77"
2012,NOV,BRASIL,"0,82"
2012,NOV,CE,"0,86"
2012,NOV,ES,"0,79"
2012,NOV,MS,"0,72"
2012,NOV,RJ,"0,9"
2012,DEZ,RS,"0,75"
2012,DEZ,SC,"0,79"
2012,DEZ,PR,"0,81"
2012,DEZ,SP,"0,84"
2012,DEZ,MG,"0,82"
2012,DEZ,GO,"0,83"
2012,DEZ,BA,"0,76"
2012,DEZ,BRASIL,"0,81"
2012,DEZ,CE,"0,88"
2012,DEZ,ES,"0,79"
2012,DEZ,MS,"0,69"
2012,DEZ,RJ,"0,88"
2013,JAN,RS,"0,76"
2013,JAN,SC,"0,8"
2013,JAN,PR,"0,82"
2013,JAN,SP,"0,84"
2013,JAN,MG,"0,83"
2013,JAN,GO,"0,85"
2013,JAN,BA,"0,82"
2013,JAN,BRASIL,"0,82"
2013,JAN,CE,"0,9"
2013,JAN,ES,"0,81"
2013,JAN,MS,"0,7"
2013,JAN,RJ,"0,9"
2013,FEV,RS,"0,77"
2013,FEV,SC,"0,81"
2013,FEV,PR,"0,82"
2013,FEV,SP,"0,86"
2013,FEV,MG,"0,86"
2013,FEV,GO,"0,9"
2013,FEV,BA,"0,83"
2013,FEV,BRASIL,"0,84"
2013,FEV,CE,"0,92"
2013,FEV,ES,"0,82"
2013,FEV,MS,"0,74"
2013,FEV,RJ,"0,93"
2013,MAR,RS,"0,79"
2013,MAR,SC,"0,84"
2013,MAR,PR,"0,84"
2013,MAR,SP,"0,88"
2013,MAR,MG,"0,9"
2013,MAR,GO,"0,94"
2013,MAR,BA,"0,84"
2013,MAR,BRASIL,"0,88"
2013,MAR,CE,"0,94"
2013,MAR,ES,"0,84"
2013,MAR,MS,"0,76"
2013,MAR,RJ,"0,94"
2013,ABR,RS,"0,83"
2013,ABR,SC,"0,87"
2013,ABR,PR,"0,88"
2013,ABR,SP,"0,92"
2013,ABR,MG,"0,93"
2013,ABR,GO,"0,96"
2013,ABR,BA,"0,86"
2013,ABR,BRASIL,"0,91"
2013,ABR,CE,"0,95"
2013,ABR,ES,"0,91"
2013,ABR,MS,"0,81"
2013,ABR,RJ,"0,97"
2013,MAI,RS,"0,85"
2013,MAI,SC,"0,9"
2013,MAI,PR,"0,9"
2013,MAI,SP,"0,97"
2013,MAI,MG,"0,96"
2013,MAI,GO,1
2013,MAI,BA,"0,89"
2013,MAI,BRASIL,"0,94"
2013,MAI,CE,"0,94"
2013,MAI,ES,"0,92"
2013,MAI,MS,"0,81"
2013,MAI,RJ,"0,99"
2013,JUN,RS,"0,88"
2013,JUN,SC,"0,96"
2013,JUN,PR,"0,94"
2013,JUN,SP,1
2013,JUN,MG,1
2013,JUN,GO,"1,07"
2013,JUN,BA,"0,93"
2013,JUN,BRASIL,"0,98"
2013,JUN,CE,"0,93"
2013,JUN,ES,"0,97"
2013,JUN,MS,"0,84"
2013,JUN,RJ,"1,03"
2013,JUL,RS,"0,93"
2013,JUL,SC,"0,99"
2013,JUL,PR,"0,99"
2013,JUL,SP,"1,03"
2013,JUL,MG,"1,04"
2013,JUL,GO,"1,09"
2013,JUL,BA,"0,95"
2013,JUL,BRASIL,"1,01"
2013,JUL,CE,"0,94"
2013,JUL,ES,1
2013,JUL,MS,"0,85"
2013,JUL,RJ,"1,07"
2013,AGO,RS,"0,96"
2013,AGO,SC,"1,01"
2013,AGO,PR,"1,02"
2013,AGO,SP,"1,04"
2013,AGO,MG,"1,08"
2013,AGO,GO,"1,1"
2013,AGO,BA,"0,98"
2013,AGO,BRASIL,"1,04"
2013,AGO,CE,"0,96"
2013,AGO,ES,"1,03"
2013,AGO,MS,"0,9"
2013,AGO,RJ,"1,1"
2013,SET,RS,"0,96"
2013,SET,SC,1
2013,SET,PR,"1,04"
2013,SET,SP,"1,04"
2013,SET,MG,"1,08"
2013,SET,GO,"1,09"
2013,SET,BA,"0,98"
2013,SET,BRASIL,"1,04"
2013,SET,CE,"0,96"
2013,SET,ES,"1,06"
2013,SET,MS,"0,91"
2013,SET,RJ,"1,12"
2013,OUT,RS,"0,95"
2013,OUT,SC,1
2013,OUT,PR,"1,02"
2013,OUT,SP,"1,02"
2013,OUT,MG,"1,05"
2013,OUT,GO,"1,04"
2013,OUT,BA,1
2013,OUT,BRASIL,"1,02"
2013,OUT,CE,"0,96"
2013,OUT,ES,"1,04"
2013,OUT,MS,"0,94"
2013,OUT,RJ,"1,11"
2013,NOV,RS,"0,92"
2013,NOV,SC,"0,92"
2013,NOV,PR,"0,96"
2013,NOV,SP,"0,97"
2013,NOV,MG,"0,98"
2013,NOV,GO,"0,96"
2013,NOV,BA,"0,99"
2013,NOV,BRASIL,"0,96"
2013,NOV,CE,"0,93"
2013,NOV,ES,"1,01"
2013,NOV,MS,"0,88"
2013,NOV,RJ,"1,05"
2013,DEZ,RS,"0,89"
2013,DEZ,SC,"0,91"
2013,DEZ,PR,"0,94"
2013,DEZ,SP,"0,94"
2013,DEZ,MG,"0,92"
2013,DEZ,GO,"0,9"
2013,DEZ,BA,"0,97"
2013,DEZ,BRASIL,"0,92"
2013,DEZ,CE,"0,94"
2013,DEZ,ES,"0,95"
2013,DEZ,MS,"0,81"
2013,DEZ,RJ,"0,98"
2014,JAN,RS,"0,87"
2014,JAN,SC,"0,89"
2014,JAN,PR,"0,91"
2014,JAN,SP,"0,92"
2014,JAN,MG,"0,93"
2014,JAN,GO,"0,9"
2014,JAN,BA,"0,98"
2014,JAN,BRASIL,"0,91"
2014,JAN,CE,"0,93"
2014,JAN,ES,"0,92"
2014,JAN,MS,"0,78"
2014,JAN,RJ,"0,94"
2014,FEV,RS,"0,89"
2014,FEV,SC,"0,9"
2014,FEV,PR,"0,91"
2014,FEV,SP,"0,95"
2014,FEV,MG,"0,98"
2014,FEV,GO,"0,95"
2014,FEV,BA,"0,98"
2014,FEV,BRASIL,"0,94"
2014,FEV,CE,"0,93"
2014,FEV,ES,"0,93"
2014,FEV,MS,"0,8"
2014,FEV,RJ,"0,96"
2014,MAR,RS,"0,93"
2014,MAR,SC,"0,97"
2014,MAR,PR,"0,96"
2014,MAR,SP,1
2014,MAR,MG,"1,04"
2014,MAR,GO,"1,03"
2014,MAR,BA,"0,96"
2014,MAR,BRASIL,1
2014,MAR,CE,"0,95"
2014,MAR,ES,"0,94"
2014,MAR,MS,"0,84"
2014,MAR,RJ,1
2014,ABR,RS,"0,95"
2014,ABR,SC,"0,98"
2014,ABR,PR,"1,02"
2014,ABR,SP,"1,03"
2014,ABR,MG,"1,04"
2014,ABR,GO,"1,04"
2014,ABR,BA,"1,01"
2014,ABR,BRASIL,"1,02"
2014,ABR,CE,"0,95"
2014,ABR,ES,"0,94"
2014,ABR,MS,"0,89"
2014,ABR,RJ,"1,03"
2014,MAI,RS,"0,96"
2014,MAI,SC,"0,98"
2014,MAI,PR,"1,04"
2014,MAI,SP,"1,04"
2014,MAI,MG,"1,02"
2014,MAI,GO,"1,01"
2014,MAI,BA,"1,02"
2014,MAI,BRASIL,"1,01"
2014,MAI,CE,"0,96"
2014,MAI,ES,"0,95"
2014,MAI,MS,"0,92"
2014,MAI,RJ,"1,05"
2014,JUN,RS,"0,94"
2014,JUN,SC,"0,98"
2014,JUN,PR,"1,04"
2014,JUN,SP,"1,04"
2014,JUN,MG,"1,03"
2014,JUN,GO,"1,02"
2014,JUN,BA,"1,03"
2014,JUN,BRASIL,"1,01"
2014,JUN,CE,"0,96"
2014,JUN,ES,"0,95"
2014,JUN,MS,"0,94"
2014,JUN,RJ,"1,04"
2014,JUL,RS,"0,93"
2014,JUL,SC,"0,99"
2014,JUL,PR,"1,03"
2014,JUL,SP,"1,04"
2014,JUL,MG,"1,03"
2014,JUL,GO,"1,03"
2014,JUL,BA,"1,04"
2014,JUL,BRASIL,"1,01"
2014,JUL,CE,"0,98"
2014,JUL,ES,"0,97"
2014,JUL,MS,"0,96"
2014,JUL,RJ,"1,05"
2014,AGO,RS,"0,92"
2014,AGO,SC,"0,97"
2014,AGO,PR,"1,01"
2014,AGO,SP,"1,03"
2014,AGO,MG,"1,03"
2014,AGO,GO,"1,05"
2014,AGO,BA,"1,05"
2014,AGO,BRASIL,1
2014,AGO,CE,"0,98"
2014,AGO,ES,"0,99"
2014,AGO,MS,"0,96"
2014,AGO,RJ,"1,06"
2014,SET,RS,"0,91"
2014,SET,SC,"0,91"
2014,SET,PR,"0,99"
2014,SET,SP,"1,02"
2014,SET,MG,"1,01"
2014,SET,GO,"1,01"
2014,SET,BA,"1,04"
2014,SET,BRASIL,"0,98"
2014,SET,CE,"0,96"
2014,SET,ES,1
2014,SET,MS,"0,91"
2014,SET,RJ,"1,05"
2014,OUT,RS,"0,88"
2014,OUT,SC,"0,88"
2014,OUT,PR,"0,94"
2014,OUT,SP,"0,99"
2014,OUT,MG,"0,96"
2014,OUT,GO,"0,93"
2014,OUT,BA,"1,02"
2014,OUT,BRASIL,"0,94"
2014,OUT,CE,"0,95"
2014,OUT,ES,"0,94"
2014,OUT,MS,"0,85"
2014,OUT,RJ,"1,01"
2014,NOV,RS,"0,87"
2014,NOV,SC,"0,83"
2014,NOV,PR,"0,88"
2014,NOV,SP,"0,94"
2014,NOV,MG,"0,91"
2014,NOV,GO,"0,88"
2014,NOV,BA,"1,02"
2014,NOV,BRASIL,"0,9"
2014,NOV,CE,"0,94"
2014,NOV,ES,"0,89"
2014,NOV,MS,"0,78"
2014,NOV,RJ,"0,96"
2014,DEZ,RS,"0,83"
2014,DEZ,SC,"0,81"
2014,DEZ,PR,"0,83"
2014,DEZ,SP,"0,91"
2014,DEZ,MG,"0,85"
2014,DEZ,GO,"0,8"
2014,DEZ,BA,"0,92"
2014,DEZ,BRASIL,"0,84"
2014,DEZ,CE,"0,92"
2014,DEZ,ES,"0,82"
2014,DEZ,MS,"0,73"
2014,DEZ,RJ,"0,86"
2015,JAN,RS,"0,81"
2015,JAN,SC,"0,79"
2015,JAN,PR,"0,82"
2015,JAN,SP,"0,89"
2015,JAN,MG,"0,86"
2015,JAN,GO,"0,79"
2015,JAN,BA,"0,91"
2015,JAN,BRASIL,"0,84"
2015,JAN,CE,"0,93"
2015,JAN,ES,"0,82"
2015,JAN,MS,"0,73"
2015,JAN,RJ,"0,85"
2015,FEV,RS,"0,81"
2015,FEV,SC,"0,82"
2015,FEV,PR,"0,82"
2015,FEV,SP,"0,9"
2015,FEV,MG,"0,87"
2015,FEV,GO,"0,87"
2015,FEV,BA,"0,91"
2015,FEV,BRASIL,"0,86"
2015,FEV,CE,"0,91"
2015,FEV,ES,"0,84"
2015,FEV,MS,"0,76"
2015,FEV,RJ,"0,88"
2015,MAR,RS,"0,83"
2015,MAR,SC,"0,86"
2015,MAR,PR,"0,85"
2015,MAR,SP,"0,94"
2015,MAR,MG,"0,9"
2015,MAR,GO,"0,93"
2015,MAR,BA,"0,94"
2015,MAR,BRASIL,"0,89"
2015,MAR,CE,"0,92"
2015,MAR,ES,"0,84"
2015,MAR,MS,"0,8"
2015,MAR,RJ,"0,91"
2015,ABR,RS,"0,86"
2015,ABR,SC,"0,92"
2015,ABR,PR,"0,88"
2015,ABR,SP,"0,97"
2015,ABR,MG,"0,94"
2015,ABR,GO,"0,98"
2015,ABR,BA,"0,94"
2015,ABR,BRASIL,"0,93"
2015,ABR,CE,"0,92"
2015,ABR,ES,"0,84"
2015,ABR,MS,"0,8"
2015,ABR,RJ,"0,94"
2015,MAI,RS,"0,88"
2015,MAI,SC,"0,94"
2015,MAI,PR,"0,92"
2015,MAI,SP,"1,01"
2015,MAI,MG,"0,95"
2015,MAI,GO,1
2015,MAI,BA,"0,95"
2015,MAI,BRASIL,"0,95"
2015,MAI,CE,"0,93"
2015,MAI,ES,"0,85"
2015,MAI,MS,"0,83"
2015,MAI,RJ,"0,95"
2015,JUN,RS,"0,89"
2015,JUN,SC,"0,97"
2015,JUN,PR,"0,95"
2015,JUN,SP,"1,03"
2015,JUN,MG,"0,98"
2015,JUN,GO,"1,04"
2015,JUN,BA,"0,97"
2015,JUN,BRASIL,"0,98"
2015,JUN,CE,"0,93"
2015,JUN,ES,"0,91"
2015,JUN,MS,"0,85"
2015,JUN,RJ,"0,97"
2015,JUL,RS,"0,89"
2015,JUL,SC,"0,99"
2015,JUL,PR,"0,97"
2015,JUL,SP,"1,05"
2015,JUL,MG,"1,01"
2015,JUL,GO,"1,07"
2015,JUL,BA,"0,94"
2015,JUL,BRASIL,1
2015,JUL,CE,"0,93"
2015,JUL,ES,"0,93"
2015,JUL,MS,"0,88"
2015,JUL,RJ,"0,98"
2015,AGO,RS,"0,88"
2015,AGO,SC,"0,99"
2015,AGO,PR,"0,96"
2015,AGO,SP,"1,04"
2015,AGO,MG,1
2015,AGO,GO,"1,04"
2015,AGO,BA,"0,94"
2015,AGO,BRASIL,"0,98"
2015,AGO,CE,"0,9"
2015,AGO,ES,"0,96"
2015,AGO,MS,"0,86"
2015,AGO,RJ,"0,96"
2015,SET,RS,"0,89"
2015,SET,SC,"0,95"
2015,SET,PR,"0,95"
2015,SET,SP,"1,03"
2015,SET,MG,"0,99"
2015,SET,GO,"1,01"
2015,SET,BA,"0,95"
2015,SET,BRASIL,"0,97"
2015,SET,CE,"0,92"
2015,SET,ES,"0,98"
2015,SET,MS,"0,84"
2015,SET,RJ,"0,96"
2015,OUT,RS,"0,89"
2015,OUT,SC,"0,94"
2015,OUT,PR,"0,93"
2015,OUT,SP,"1,02"
2015,OUT,MG,1
2015,OUT,GO,"0,97"
2015,OUT,BA,"0,96"
2015,OUT,BRASIL,"0,97"
2015,OUT,CE,"0,94"
2015,OUT,ES,"0,97"
2015,OUT,MS,"0,82"
2015,OUT,RJ,"0,98"
2015,NOV,RS,"0,9"
2015,NOV,SC,"0,95"
2015,NOV,PR,"0,94"
2015,NOV,SP,"1,01"
2015,NOV,MG,1
2015,NOV,GO,"0,96"
2015,NOV,BA,"0,94"
2015,NOV,BRASIL,"0,97"
2015,NOV,CE,"0,95"
2015,NOV,ES,"0,98"
2015,NOV,MS,"0,81"
2015,NOV,RJ,"0,97"
2015,DEZ,RS,"0,92"
2015,DEZ,SC,"0,95"
2015,DEZ,PR,"0,95"
2015,DEZ,SP,"0,99"
2015,DEZ,MG,"0,99"
2015,DEZ,GO,"0,96"
2015,DEZ,BA,"0,96"
2015,DEZ,BRASIL,"0,97"
2015,DEZ,CE,"0,96"
2015,DEZ,ES,"0,97"
2015,DEZ,MS,"0,82"
2015,DEZ,RJ,"0,96"
2016,JAN,RS,"0,95"
2016,JAN,SC,1
2016,JAN,PR,"0,96"
2016,JAN,SP,"1,01"
2016,JAN,MG,"1,02"
2016,JAN,GO,1
2016,JAN,BA,"0,97"
2016,JAN,BRASIL,1
2016,JAN,CE,"0,95"
2016,JAN,ES,"0,98"
2016,JAN,MS,"0,84"
2016,JAN,RJ,"0,97"
2016,FEV,RS,"0,99"
2016,FEV,SC,"1,06"
2016,FEV,PR,1
2016,FEV,SP,"1,04"
2016,FEV,MG,"1,07"
2016,FEV,GO,"1,09"
2016,FEV,BA,"0,96"
2016,FEV,BRASIL,"1,05"
2016,FEV,CE,"0,98"
2016,FEV,ES,"1,05"
2016,FEV,MS,"0,87"
2016,FEV,RJ,1
2016,MAR,RS,"1,03"
2016,MAR,SC,"1,14"
2016,MAR,PR,"1,07"
2016,MAR,SP,"1,09"
2016,MAR,MG,"1,14"
2016,MAR,GO,"1,17"
2016,MAR,BA,"0,96"
2016,MAR,BRASIL,"1,11"
2016,MAR,CE,1
2016,MAR,ES,"1,09"
2016,MAR,MS,"0,91"
2016,MAR,RJ,"1,04"
2016,ABR,RS,"1,08"
2016,ABR,SC,"1,18"
2016,ABR,PR,"1,11"
2016,ABR,SP,"1,15"
2016,ABR,MG,"1,19"
2016,ABR,GO,"1,21"
2016,ABR,BA,"0,97"
2016,ABR,BRASIL,"1,16"
2016,ABR,CE,"1,01"
2016,ABR,ES,"1,12"
2016,ABR,MS,"0,95"
2016,ABR,RJ,"1,08"
2016,MAI,RS,"1,13"
2016,MAI,SC,"1,25"
2016,MAI,PR,"1,16"
2016,MAI,SP,"1,2"
2016,MAI,MG,"1,26"
2016,MAI,GO,"1,28"
2016,MAI,BA,"0,99"
2016,MAI,BRASIL,"1,22"
2016,MAI,CE,"1,01"
2016,MAI,ES,"1,17"
2016,MAI,MS,"0,98"
2016,MAI,RJ,"1,14"
2016,JUN,RS,"1,29"
2016,JUN,SC,"1,38"
2016,JUN,PR,"1,37"
2016,JUN,SP,"1,36"
2016,JUN,MG,"1,42"
2016,JUN,GO,"1,47"
2016,JUN,BA,"1,13"
2016,JUN,BRASIL,"1,38"
2016,JUN,CE,"1,15"
2016,JUN,ES,"1,31"
2016,JUN,MS,"1,11"
2016,JUN,RJ,"1,27"
2016,JUL,RS,"1,53"
2016,JUL,SC,"1,56"
2016,JUL,PR,"1,59"
2016,JUL,SP,"1,55"
2016,JUL,MG,"1,61"
2016,JUL,GO,"1,64"
2016,JUL,BA,"1,25"
2016,JUL,BRASIL,"1,58"
2016,JUL,CE,"1,21"
2016,JUL,ES,"1,38"
2016,JUL,MS,"1,19"
2016,JUL,RJ,"1,39"
2016,AGO,RS,"1,49"
2016,AGO,SC,"1,45"
2016,AGO,PR,"1,54"
2016,AGO,SP,"1,51"
2016,AGO,MG,"1,56"
2016,AGO,GO,"1,58"
2016,AGO,BA,"1,28"
2016,AGO,BRASIL,"1,53"
2016,AGO,CE,"1,23"
2016,AGO,ES,"1,36"
2016,AGO,MS,"1,15"
2016,AGO,RJ,"1,35"
2016,SET,RS,"1,38"
2016,SET,SC,"1,28"
2016,SET,PR,"1,41"
2016,SET,SP,"1,42"
2016,SET,MG,"1,43"
2016,SET,GO,"1,38"
2016,SET,BA,"1,28"
2016,SET,BRASIL,"1,4"
2016,SET,CE,"1,23"
2016,SET,ES,"1,29"
2016,SET,MS,"1,07"
2016,SET,RJ,"1,2"
2016,OUT,RS,"1,24"
2016,OUT,SC,"1,1"
2016,OUT,PR,"1,27"
2016,OUT,SP,"1,29"
2016,OUT,MG,"1,25"
2016,OUT,GO,"1,18"
2016,OUT,BA,"1,24"
2016,OUT,BRASIL,"1,23"
2016,OUT,CE,"1,22"
2016,OUT,ES,"1,16"
2016,OUT,MS,"1,02"
2016,OUT,RJ,"1,22"
2016,NOV,RS,"1,2"
2016,NOV,SC,"1,08"
2016,NOV,PR,"1,22"
2016,NOV,SP,"1,24"
2016,NOV,MG,"1,21"
2016,NOV,GO,"1,13"
2016,NOV,BA,"1,15"
2016,NOV,BRASIL,"1,19"
2016,NOV,CE,"1,23"
2016,NOV,ES,"1,11"
2016,NOV,MS,"0,99"
2016,NOV,RJ,"1,17"
2016,DEZ,RS,"1,18"
2016,DEZ,SC,"1,1"
2016,DEZ,PR,"1,21"
2016,DEZ,SP,"1,23"
2016,DEZ,MG,"1,21"
2016,DEZ,GO,"1,13"
2016,DEZ,BA,"1,13"
2016,DEZ,BRASIL,"1,19"
2016,DEZ,CE,"1,22"
2016,DEZ,ES,"1,07"
2016,DEZ,MS,1
2016,DEZ,RJ,"1,16"
2017,JAN,RS,"1,22"
2017,JAN,SC,"1,19"
2017,JAN,PR,"1,22"
2017,JAN,SP,"1,25"
2017,JAN,MG,"1,23"
2017,JAN,GO,"1,17"
2017,JAN,BA,"1,12"
2017,JAN,BRASIL,"1,22"
2017,JAN,CE,"1,22"
2017,JAN,ES,"1,11"
2017,JAN,MS,"1,02"
2017,JAN,RJ,"1,15"
2017,FEV,RS,"1,24"
2017,FEV,SC,"1,22"
2017,FEV,PR,"1,22"
2017,FEV,SP,"1,27"
2017,FEV,MG,"1,25"
2017,FEV,GO,"1,17"
2017,FEV,BA,"1,16"
2017,FEV,BRASIL,"1,23"
2017,FEV,CE,"1,24"
2017,FEV,ES,"1,13"
2017,FEV,MS,"1,03"
2017,FEV,RJ,"1,17"
2017,MAR,RS,"1,25"
2017,MAR,SC,"1,23"
2017,MAR,PR,"1,26"
2017,MAR,SP,"1,29"
2017,MAR,MG,"1,29"
2017,MAR,GO,"1,21"
2017,MAR,BA,"1,16"
2017,MAR,BRASIL,"1,26"
2017,MAR,CE,"1,24"
2017,MAR,ES,"1,17"
2017,MAR,MS,"1,07"
2017,MAR,RJ,"1,19"
2017,ABR,RS,"1,27"
2017,ABR,SC,"1,26"
2017,ABR,PR,"1,28"
2017,ABR,SP,"1,31"
2017,ABR,MG,"1,3"
2017,ABR,GO,"1,21"
2017,ABR,BA,"1,15"
2017,ABR,BRASIL,"1,27"
2017,ABR,CE,"1,23"
2017,ABR,ES,"1,21"
2017,ABR,MS,"1,13"
2017,ABR,RJ,"1,22"
2017,MAI,RS,"1,25"
2017,MAI,SC,"1,26"
2017,MAI,PR,"1,29"
2017,MAI,SP,"1,32"
2017,MAI,MG,"1,28"
2017,MAI,GO,"1,2"
2017,MAI,BA,"1,14"
2017,MAI,BRASIL,"1,27"
2017,MAI,CE,"1,22"
2017,MAI,ES,"1,2"
2017,MAI,MS,"1,18"
2017,MAI,RJ,"1,2"
2017,JUN,RS,"1,21"
2017,JUN,SC,"1,22"
2017,JUN,PR,"1,27"
2017,JUN,SP,"1,31"
2017,JUN,MG,"1,25"
2017,JUN,GO,"1,14"
2017,JUN,BA,"1,15"
2017,JUN,BRASIL,"1,23"
2017,JUN,CE,"1,21"
2017,JUN,ES,"1,18"
2017,JUN,MS,"1,13"
2017,JUN,RJ,"1,2"
2017,JUL,RS,"1,13"
2017,JUL,SC,"1,13"
2017,JUL,PR,"1,18"
2017,JUL,SP,"1,26"
2017,JUL,MG,"1,16"
2017,JUL,GO,"1,07"
2017,JUL,BA,"1,16"
2017,JUL,BRASIL,"1,16"
2017,JUL,CE,"1,2"
2017,JUL,ES,"1,11"
2017,JUL,MS,"1,02"
2017,JUL,RJ,"1,15"
2017,AGO,RS,"1,06"
2017,AGO,SC,"1,01"
2017,AGO,PR,"1,1"
2017,AGO,SP,"1,19"
2017,AGO,MG,"1,1"
2017,AGO,GO,"1,01"
2017,AGO,BA,"1,1"
2017,AGO,BRASIL,"1,08"
2017,AGO,CE,"1,18"
2017,AGO,ES,"1,07"
2017,AGO,MS,"0,95"
2017,AGO,RJ,"1,11"
2017,SET,RS,"0,95"
2017,SET,SC,"0,93"
2017,SET,PR,"1,01"
2017,SET,SP,"1,12"
2017,SET,MG,"1,04"
2017,SET,GO,"0,93"
2017,SET,BA,"1,08"
2017,SET,BRASIL,"1,01"
2017,SET,CE,"1,16"
2017,SET,ES,"1,09"
2017,SET,MS,"0,88"
2017,SET,RJ,"1,04"
2017,OUT,RS,"0,95"
2017,OUT,SC,"0,92"
2017,OUT,PR,"0,98"
2017,OUT,SP,"1,11"
2017,OUT,MG,"1,04"
2017,OUT,GO,"0,93"
2017,OUT,BA,"1,07"
2017,OUT,BRASIL,1
2017,OUT,CE,"1,14"
2017,OUT,ES,"1,09"
2017,OUT,MS,"0,86"
2017,OUT,RJ,1
2017,NOV,RS,"0,95"
2017,NOV,SC,"0,94"
2017,NOV,PR,"0,99"
2017,NOV,SP,"1,09"
2017,NOV,MG,"1,04"
2017,NOV,GO,"0,93"
2017,NOV,BA,"1,05"
2017,NOV,BRASIL,1
2017,NOV,CE,"1,13"
2017,NOV,ES,"1,06"
2017,NOV,MS,"0,85"
2017,NOV,RJ,"0,99"
2017,DEZ,RS,"0,95"
2017,DEZ,SC,"0,95"
2017,DEZ,PR,"0,98"
2017,DEZ,SP,"1,07"
2017,DEZ,MG,"1,01"
2017,DEZ,GO,"0,91"
2017,DEZ,BA,"1,03"
2017,DEZ,BRASIL,"0,98"
2017,DEZ,CE,"1,14"
2017,DEZ,ES,"1,1"
2017,DEZ,MS,"0,84"
2017,DEZ,RJ,"0,98"
2018,JAN,RS,"0,98"
2018,JAN,SC,1
2018,JAN,PR,"1,01"
2018,JAN,SP,"1,09"
2018,JAN,MG,"1,05"
2018,JAN,GO,"0,95"
2018,JAN,BA,"1,03"
2018,JAN,BRASIL,"1,02"
2018,JAN,CE,"1,16"
2018,JAN,ES,"1,05"
2018,JAN,MS,"0,85"
2018,JAN,RJ,1
2018,FEV,RS,"0,98"
2018,FEV,SC,"1,05"
2018,FEV,PR,"1,07"
2018,FEV,SP,"1,15"
2018,FEV,MG,"1,12"
2018,FEV,GO,"1,08"
2018,FEV,BA,"1,05"
2018,FEV,BRASIL,"1,07"
2018,FEV,CE,"1,19"
2018,FEV,ES,"1,12"
2018,FEV,MS,"0,85"
2018,FEV,RJ,"1,03"
2018,MAR,RS,"1,08"
2018,MAR,SC,"1,12"
2018,MAR,PR,"1,17"
2018,MAR,SP,"1,19"
2018,MAR,MG,"1,21"
2018,MAR,GO,"1,18"
2018,MAR,BA,"1,05"
2018,MAR,BRASIL,"1,16"
2018,MAR,CE,"1,25"
2018,MAR,ES,"1,13"
2018,MAR,MS,"0,98"
2018,MAR,RJ,"1,14"
2018,ABR,RS,"1,19"
2018,ABR,SC,"1,21"
2018,ABR,PR,"1,25"
2018,ABR,SP,"1,28"
2018,ABR,MG,"1,29"
2018,ABR,GO,"1,27"
2018,ABR,BA,"1,14"
2018,ABR,BRASIL,"1,25"
2018,ABR,CE,"1,23"
2018,ABR,ES,"1,22"
2018,ABR,MS,"1,01"
2018,ABR,RJ,"1,2"
2018,MAI,RS,"1,21"
2018,MAI,SC,"1,24"
2018,MAI,PR,"1,31"
2018,MAI,SP,"1,34"
2018,MAI,MG,"1,33"
2018,MAI,GO,"1,33"
2018,MAI,BA,"1,15"
2018,MAI,BRASIL,"1,3"
2018,MAI,CE,"1,23"
2018,MAI,ES,"1,29"
2018,MAI,MS,"1,09"
2018,MAI,RJ,"1,28"
2018,JUN,RS,"1,41"
2018,JUN,SC,"1,4"
2018,JUN,PR,"1,46"
2018,JUN,SP,"1,5"
2018,JUN,MG,"1,53"
2018,JUN,GO,"1,54"
2018,JUN,BA,"1,21"
2018,JUN,BRASIL,"1,48"
2018,JUN,CE,"1,24"
2018,JUN,ES,"1,42"
2018,JUN,MS,"1,31"
2018,JUN,RJ,"1,47"
2018,JUL,RS,"1,46"
2018,JUL,SC,"1,43"
2018,JUL,PR,"1,55"
2018,JUL,SP,"1,54"
2018,JUL,MG,"1,61"
2018,JUL,GO,"1,67"
2018,JUL,BA,"1,25"
2018,JUL,BRASIL,"1,55"
2018,JUL,CE,"1,28"
2018,JUL,ES,"1,44"
2018,JUL,MS,"1,39"
2018,JUL,RJ,"1,51"
2018,AGO,RS,"1,41"
2018,AGO,SC,"1,4"
2018,AGO,PR,"1,48"
2018,AGO,SP,"1,52"
2018,AGO,MG,"1,51"
2018,AGO,GO,"1,54"
2018,AGO,BA,"1,29"
2018,AGO,BRASIL,"1,47"
2018,AGO,CE,"1,41"
2018,AGO,ES,"1,45"
2018,AGO,MS,"1,24"
2018,AGO,RJ,"1,45"
2018,SET,RS,"1,38"
2018,SET,SC,"1,36"
2018,SET,PR,"1,45"
2018,SET,SP,"1,51"
2018,SET,MG,"1,46"
2018,SET,GO,"1,47"
2018,SET,BA,"1,4"
2018,SET,BRASIL,"1,44"
2018,SET,CE,"1,34"
2018,SET,ES,"1,41"
2018,SET,MS,"1,23"
2018,SET,RJ,"1,39"
2018,OUT,RS,"1,29"
2018,OUT,SC,"1,29"
2018,OUT,PR,"1,4"
2018,OUT,SP,"1,46"
2018,OUT,MG,"1,37"
2018,OUT,GO,"1,35"
2018,OUT,BA,"1,39"
2018,OUT,BRASIL,"1,36"
2018,OUT,CE,"1,34"
2018,OUT,ES,"1,27"
2018,OUT,MS,"1,16"
2018,OUT,RJ,"1,42"
2018,NOV,RS,"1,15"
2018,NOV,SC,"1,16"
2018,NOV,PR,"1,29"
2018,NOV,SP,"1,35"
2018,NOV,MG,"1,24"
2018,NOV,GO,"1,19"
2018,NOV,BA,"1,35"
2018,NOV,BRASIL,"1,23"
2018,NOV,CE,"1,33"
2018,NOV,ES,"1,15"
2018,NOV,MS,"1,03"
2018,NOV,RJ,"1,22"
2018,DEZ,RS,"1,19"
2018,DEZ,SC,"1,2"
2018,DEZ,PR,"1,45"
2018,DEZ,SP,"1,36"
2018,DEZ,MG,"1,25"
2018,DEZ,GO,"1,27"
2018,DEZ,BA,"1,26"
2018,DEZ,BRASIL,"1,28"
2018,DEZ,CE,"1,44"
2018,DEZ,ES,"1,17"
2018,DEZ,MS,"0,98"
2018,DEZ,RJ,"1,33"
2019,JAN,RS,"1,31"
2019,JAN,SC,"1,38"
2019,JAN,PR,"1,48"
2019,JAN,SP,"1,42"
2019,JAN,MG,"1,41"
2019,JAN,GO,"1,46"
2019,JAN,BA,"1,3"
2019,JAN,BRASIL,"1,41"
2019,JAN,CE,"1,31"
2019,JAN,ES,"1,28"
2019,JAN,MS,"1,16"
2019,JAN,RJ,"1,33"
2019,FEV,RS,"1,39"
2019,FEV,SC,"1,42"
2019,FEV,PR,"1,53"
2019,FEV,SP,"1,48"
2019,FEV,MG,"1,48"
2019,FEV,GO,"1,51"
2019,FEV,BA,"1,39"
2019,FEV,BRASIL,"1,48"
2019,FEV,CE,"1,29"
2019,FEV,ES,"1,28"
2019,FEV,MS,"1,18"
2019,FEV,RJ,"1,43"
2019,MAR,RS,"1,43"
2019,MAR,SC,"1,45"
2019,MAR,PR,"1,54"
2019,MAR,SP,"1,5"
2019,MAR,MG,"1,49"
2019,MAR,GO,"1,5"
2019,MAR,BA,"1,44"
2019,MAR,BRASIL,"1,49"
2019,MAR,CE,"1,26"
2019,MAR,ES,"1,28"
2019,MAR,MS,"1,2"
2019,MAR,RJ,"1,44"
2019,ABR,RS,"1,45"
2019,ABR,SC,"1,51"
2019,ABR,PR,"1,56"
2019,ABR,SP,"1,51"
2019,ABR,MG,"1,51"
2019,ABR,GO,"1,54"
2019,ABR,BA,"1,42"
2019,ABR,BRASIL,"1,52"
2019,ABR,CE,"1,26"
2019,ABR,ES,"1,36"
2019,ABR,MS,"1,19"
2019,ABR,PE,"1,2"
2019,ABR,RJ,"1,48"
2019,MAI,RS,"1,5"
2019,MAI,SC,"1,52"
2019,MAI,PR,"1,61"
2019,MAI,SP,"1,52"
2019,MAI,MG,"1,51"
2019,MAI,GO,"1,53"
2019,MAI,BA,"1,36"
2019,MAI,BRASIL,"1,53"
2019,MAI,CE,"1,3"
2019,MAI,ES,"1,29"
2019,MAI,MS,"1,19"
2019,MAI,RJ,"1,51"
2019,JUN,RS,"1,32"
2019,JUN,SC,"1,32"
2019,JUN,PR,"1,52"
2019,JUN,SP,"1,46"
2019,JUN,MG,"1,4"
2019,JUN,GO,"1,35"
2019,JUN,BA,"1,22"
2019,JUN,BRASIL,"1,41"
2019,JUN,CE,"1,42"
2019,JUN,ES,"1,21"
2019,JUN,MS,"1,14"
2019,JUN,PE,"1,35"
2019,JUN,RJ,"1,47"
2019,JUL,RS,"1,28"
2019,JUL,SC,"1,29"
2019,JUL,PR,"1,35"
2019,JUL,SP,"1,44"
2019,JUL,MG,"1,36"
2019,JUL,GO,"1,33"
2019,JUL,BA,"1,27"
2019,JUL,BRASIL,"1,35"
2019,JUL,CE,"1,34"
2019,JUL,ES,"1,27"
2019,JUL,MS,"1,17"
2019,JUL,PE,"1,33"
2019,JUL,RJ,"1,47"
2019,AGO,RS,"1,26"
2019,AGO,SC,"1,31"
2019,AGO,PR,"1,39"
2019,AGO,SP,"1,44"
2019,AGO,MG,"1,39"
2019,AGO,GO,"1,35"
2019,AGO,BA,"1,26"
2019,AGO,BRASIL,"1,37"
2019,AGO,CE,"1,36"
2019,AGO,ES,"1,28"
2019,AGO,MS,"1,26"
2019,AGO,PE,"1,34"
2019,AGO,RJ,"1,46"
2019,SET,RS,"1,27"
2019,SET,SC,"1,32"
2019,SET,PR,"1,39"
2019,SET,SP,"1,44"
2019,SET,MG,"1,37"
2019,SET,GO,"1,37"
2019,SET,BA,"1,3"
2019,SET,BRASIL,"1,36"
2019,SET,CE,"1,38"
2019,SET,ES,"1,21"
2019,SET,MS,"1,28"
2019,SET,PE,"1,37"
2019,SET,RJ,"1,57"
2019,OUT,RS,"1,26"
2019,OUT,SC,"1,32"
2019,OUT,PR,"1,37"
2019,OUT,SP,"1,42"
2019,OUT,MG,"1,36"
2019,OUT,GO,"1,34"
2019,OUT,BA,"1,33"
2019,OUT,BRASIL,"1,35"
2019,OUT,CE,"1,4"
2019,OUT,ES,"1,22"
2019,OUT,MS,"1,28"
2019,OUT,PE,"1,4"
2019,OUT,RJ,"1,56"
2019,NOV,RS,"1,26"
2019,NOV,SC,"1,35"
2019,NOV,PR,"1,39"
2019,NOV,SP,"1,42"
2019,NOV,MG,"1,35"
2019,NOV,GO,"1,34"
2019,NOV,BA,"1,36"
2019,NOV,BRASIL,"1,35"
2019,NOV,CE,"1,4"
2019,NOV,ES,"1,21"
2019,NOV,MS,"1,29"
2019,NOV,PE,"1,42"
2019,NOV,RJ,"1,55"
2019,DEZ,RS,"1,31"
2019,DEZ,SC,"1,37"
2019,DEZ,PR,"1,4"
2019,DEZ,SP,"1,41"
2019,DEZ,MG,"1,37"
2019,DEZ,GO,"1,37"
2019,DEZ,BA,"1,36"
2019,DEZ,BRASIL,"1,37"
2019,DEZ,CE,"1,41"
2019,DEZ,ES,"1,22"
2019,DEZ,MS,"1,26"
2019,DEZ,PE,0
2019,DEZ,RJ,"1,5"
2020,JAN,RS,"1,32"
2020,JAN,SC,"1,4"
2020,JAN,PR,"1,41"
2020,JAN,SP,"1,42"
2020,JAN,MG,"1,43"
2020,JAN,GO,"1,39"
2020,JAN,BA,"1,44"
2020,JAN,BRASIL,"1,42"
2020,JAN,CE,"1,41"
2020,JAN,ES,"1,23"
2020,JAN,MS,"1,28"
2020,JAN,PE,0
2020,JAN,RJ,"1,42"
2020,FEV,RS,"1,3"
2020,FEV,SC,"1,42"
2020,FEV,PR,"1,43"
2020,FEV,SP,"1,43"
2020,FEV,MG,"1,45"
2020,FEV,GO,"1,41"
2020,FEV,BA,"1,45"
2020,FEV,BRASIL,"1,44"
2020,FEV,CE,"1,39"
2020,FEV,ES,"1,29"
2020,FEV,MS,"1,32"
2020,FEV,PE,0
2020,FEV,RJ,"1,41"
2020,MAR,RS,"1,37"
2020,MAR,SC,"1,42"
2020,MAR,PR,"1,43"
2020,MAR,SP,"1,43"
2020,MAR,MG,"1,47"
2020,MAR,GO,"1,43"
2020,MAR,BA,"1,42"
2020,MAR,BRASIL,"1,45"
2020,MAR,CE,"1,39"
2020,MAR,ES,"1,28"
2020,MAR,MS,"1,31"
2020,MAR,PE,0
2020,MAR,RJ,"1,47"
2020,ABR,RS,"1,36"
2020,ABR,SC,"1,34"
2020,ABR,PR,"1,4"
2020,ABR,SP,"1,38"
2020,ABR,MG,"1,39"
2020,ABR,GO,"1,37"
2020,ABR,BA,"1,24"
2020,ABR,BRASIL,"1,38"
2020,ABR,CE,"1,39"
2020,ABR,ES,"1,29"
2020,ABR,MS,0
2020,ABR,PE,0
2020,ABR,RJ,"1,44"
2020,MAI,RS,"1,48"
2020,MAI,SC,"1,48"
2020,MAI,PR,"1,5"
2020,MAI,SP,"1,46"
2020,MAI,MG,"1,53"
2020,MAI,GO,"1,54"
2020,MAI,BA,"1,43"
2020,MAI,BRASIL,"1,51"
2020,MAI,CE,"1,38"
2020,MAI,ES,"1,45"
2020,MAI,MS,"1,35"
2020,MAI,PE,0
2020,MAI,RJ,"1,5"
2020,JUN,RS,"1,71"
2020,JUN,SC,"1,74"
2020,JUN,PR,"1,71"
2020,JUN,SP,"1,68"
2020,JUN,MG,"1,77"
2020,JUN,GO,"1,81"
2020,JUN,BA,"1,64"
2020,JUN,BRASIL,"1,76"
2020,JUN,CE,"1,42"
2020,JUN,ES,"1,58"
2020,JUN,MS,"1,52"
2020,JUN,PE,0
2020,JUN,RJ,"1,61"
2020,JUL,RS,"1,85"
2020,JUL,SC,"1,91"
2020,JUL,PR,"1,9"
2020,JUL,SP,"1,84"
2020,JUL,MG,"1,95"
2020,JUL,GO,"2,06"
2020,JUL,BA,"1,85"
2020,JUL,BRASIL,"1,94"
2020,JUL,CE,"1,52"
2020,JUL,ES,"1,74"
2020,JUL,MS,"1,73"
2020,JUL,PE,0
2020,JUL,RJ,"1,79"
2020,AGO,RS,2
2020,AGO,SC,"2,06"
2020,AGO,PR,"2,07"
2020,AGO,SP,"2,02"
2020,AGO,MG,"2,15"
2020,AGO,GO,"2,25"
2020,AGO,BA,"1,99"
2020,AGO,BRASIL,"2,13"
2020,AGO,CE,0
2020,AGO,ES,"1,95"
2020,AGO,MS,"1,94"
2020,AGO,PE,0
2020,AGO,RJ,"2,02"
2020,SET,RS,"2,08"
2020,SET,SC,"2,13"
2020,SET,PR,"2,15"
2020,SET,SP,"2,11"
2020,SET,MG,"2,16"
2020,SET,GO,"2,26"
2020,SET,BA,"2,12"
2020,SET,BRASIL,"2,16"
2020,SET,CE,0
2020,SET,ES,"1,98"
2020,SET,MS,"1,92"
2020,SET,PE,0
2020,SET,RJ,"2,17"
2020,OUT,RS,"1,99"
2020,OUT,SC,"2,03"
2020,OUT,PR,"2,02"
2020,OUT,SP,"2,02"
2020,OUT,MG,"2,03"
2020,OUT,GO,"2,15"
2020,OUT,BA,"2,14"
2020,OUT,BRASIL,"2,04"
2020,OUT,CE,0
2020,OUT,ES,"1,88"
2020,OUT,MS,"1,74"
2020,OUT,PE,0
2020,OUT,RJ,"2,16"
2020,NOV,RS,"2,08"
2020,NOV,SC,"2,13"
2020,NOV,PR,"2,1"
2020,NOV,SP,"2,08"
2020,NOV,MG,"2,12"
2020,NOV,GO,"2,22"
2020,NOV,BA,"2,11"
2020,NOV,BRASIL,"2,13"
2020,NOV,CE,0
2020,NOV,ES,"1,92"
2020,NOV,MS,"1,81"
2020,NOV,PE,0
2020,NOV,RJ,"2,17"
2020,DEZ,RS,"2,01"
2020,DEZ,SC,"1,97"
2020,DEZ,PR,"2,02"
2020,DEZ,SP,"2,04"
2020,DEZ,MG,"2,04"
2020,DEZ,GO,"2,05"
2020,DEZ,BA,"2,05"
2020,DEZ,BRASIL,"2,03"
2020,DEZ,CE,0
2020,DEZ,ES,"1,94"
2020,DEZ,MS,"1,82"
2020,DEZ,PE,0
2020,DEZ,RJ,"2,05"
2021,JAN,RS,"1,98"
2021,JAN,SC,"1,94"
2021,JAN,PR,"1,92"
2021,JAN,SP,"1,98"
2021,JAN,MG,2
2021,JAN,GO,"2,03"
2021,JAN,BA,"1,99"
2021,JAN,BRASIL,"1,99"
2021,JAN,CE,0
2021,JAN,ES,"1,9"
2021,JAN,MS,"1,65"
2021,JAN,PE,0
2021,JAN,RJ,"2,1"
2021,FEV,RS,"1,89"
2021,FEV,SC,"1,91"
2021,FEV,PR,"1,86"
2021,FEV,SP,"1,93"
2021,FEV,MG,"1,96"
2021,FEV,GO,"1,94"
2021,FEV,BA,"1,91"
2021,FEV,BRASIL,"1,94"
2021,FEV,CE,0
2021,FEV,ES,"1,89"
2021,FEV,MS,"1,67"
2021,FEV,PE,0
2021,FEV,RJ,"2,09"
2021,MAR,RS,"1,91"
2021,MAR,SC,"1,96"
2021,MAR,PR,"1,92"
2021,MAR,SP,"1,99"
2021,MAR,MG,"2,01"
2021,MAR,GO,"1,98"
2021,MAR,BA,"1,88"
2021,MAR,BRASIL,"1,98"
2021,MAR,CE,0
2021,MAR,ES,"1,87"
2021,MAR,MS,"1,69"
2021,MAR,PE,0
2021,MAR,RJ,"2,12"
2021,ABR,RS,"1,94"
2021,ABR,SC,"2,02"
2021,ABR,PR,"1,99"
2021,ABR,SP,"2,04"
2021,ABR,MG,"2,06"
2021,ABR,GO,"2,07"
2021,ABR,BA,"1,88"
2021,ABR,BRASIL,"2,04"
2021,ABR,CE,0
2021,ABR,ES,"1,91"
2021,ABR,MS,"1,76"
2021,ABR,PE,0
2021,ABR,RJ,"2,16"
2021,MAI,RS,"2,15"
2021,MAI,SC,"2,18"
2021,MAI,PR,"2,14"
2021,MAI,SP,"2,17"
2021,MAI,MG,"2,22"
2021,MAI,GO,"2,26"
2021,MAI,BA,"1,95"
2021,MAI,BRASIL,"2,2"
2021,MAI,CE,0
2021,MAI,ES,"1,95"
2021,MAI,MS,2
2021,MAI,PE,0
2021,MAI,RJ,"2,27"
2021,JUN,RS,"2,23"
2021,JUN,SC,"2,25"
2021,JUN,PR,"2,31"
2021,JUN,SP,"2,3"
2021,JUN,MG,"2,34"
2021,JUN,GO,"2,32"
2021,JUN,BA,2
2021,JUN,BRASIL,"2,31"
2021,JUN,CE,0
2021,JUN,ES,"2,1"
2021,JUN,MS,"2,1"
2021,JUN,PE,0
2021,JUN,RJ,"2,26"
2021,JUL,RS,"2,25"
2021,JUL,SC,"2,26"
2021,JUL,PR,"2,32"
2021,JUL,SP,"2,37"
2021,JUL,MG,"2,39"
2021,JUL,GO,"2,37"
2021,JUL,BA,"2,07"
2021,JUL,BRASIL,"2,36"
2021,JUL,CE,0
2021,JUL,ES,"2,15"
2021,JUL,MS,"2,16"
2021,JUL,PE,0
2021,JUL,RJ,"2,41"
2021,AGO,RS,"2,26"
2021,AGO,SC,"2,28"
2021,AGO,PR,"2,33"
2021,AGO,SP,"2,38"
2021,AGO,MG,"2,41"
2021,AGO,GO,"2,41"
2021,AGO,BA,"2,15"
2021,AGO,BRASIL,"2,38"
2021,AGO,ES,"2,2"
2021,AGO,MS,"2,21"
2021,AGO,RJ,"2,29"
2021,SET,RS,"2,17"
2021,SET,SC,"2,2"
2021,SET,PR,"2,3"
2021,SET,SP,"2,36"
2021,SET,MG,"2,36"
2021,SET,GO,"2,35"
2021,SET,BA,"2,13"
2021,SET,BRASIL,"2,33"
2021,SET,ES,"2,15"
2021,SET,MS,"2,07"
2021,SET,RJ,"2,33"
2021,OUT,RS,"2,04"
2021,OUT,SC,"2,04"
2021,OUT,PR,"2,15"
2021,OUT,SP,"2,29"
2021,OUT,MG,"2,2"
2021,OUT,GO,"2,22"
2021,OUT,BA,"2,07"
2021,OUT,BRASIL,"2,19"
2021,OUT,ES,"1,92"
2021,OUT,MS,0
2021,OUT,RJ,"2,28"
2021,NOV,RS,"1,95"
2021,NOV,SC,"2,01"
2021,NOV,PR,"2,06"
2021,NOV,SP,"2,17"
2021,NOV,MG,"2,16"
2021,NOV,GO,"2,13"
2021,NOV,BA,"1,94"
2021,NOV,BRASIL,"2,12"
2021,NOV,ES,"1,92"
2021,NOV,MS,"1,85"
2021,NOV,RJ,"2,46"
2021,DEZ,RS,"1,92"
2021,DEZ,SC,"2,03"
2021,DEZ,PR,"2,07"
2021,DEZ,SP,"2,17"
2021,DEZ,MG,"2,16"
2021,DEZ,GO,"2,1"
2021,DEZ,BA,"1,83"
2021,DEZ,BRASIL,"2,11"
2021,DEZ,ES,"1,83"
2021,DEZ,MS,0
2021,DEZ,RJ,"2,38"
2022,JAN,RS,2
2022,JAN,SC,"2,06"
2022,JAN,PR,"2,12"
2022,JAN,SP,"2,18"
2022,JAN,MG,"2,18"
2022,JAN,GO,"2,12"
2022,JAN,BA,"1,84"
2022,JAN,BRASIL,"2,14"
2022,JAN,ES,"1,83"
2022,JAN,MS,0
2022,JAN,RJ,"2,24"
2022,FEV,RS,"2,08"
2022,FEV,SC,"2,15"
2022,FEV,PR,"2,19"
2022,FEV,SP,"2,24"
2022,FEV,MG,"2,24"
2022,FEV,GO,"2,24"
2022,FEV,BA,"1,92"
2022,FEV,BRASIL,"2,21"
2022,FEV,ES,"1,8"
2022,FEV,RJ,"2,28"
2022,MAR,RS,"2,26"
2022,MAR,SC,"2,35"
2022,MAR,PR,"2,42"
2022,MAR,SP,"2,33"
2022,MAR,MG,"2,47"
2022,MAR,GO,"2,5"
2022,MAR,BA,"2,06"
2022,MAR,BRASIL,"2,43"
2022,MAR,ES,"2,07"
2022,MAR,RJ,"2,37"
2022,ABR,RS,"2,41"
2022,ABR,SC,"2,55"
2022,ABR,PR,"2,6"
2022,ABR,SP,"2,48"
2022,ABR,MG,"2,58"
2022,ABR,GO,"2,59"
2022,ABR,BA,"2,13"
2022,ABR,BRASIL,"2,54"
2022,ABR,ES,"2,36"
2022,ABR,RJ,"2,53"
2022,MAI,RS,"2,6"
2022,MAI,SC,"2,67"
2022,MAI,PR,"2,71"
2022,MAI,SP,"2,61"
2022,MAI,MG,"2,71"
2022,MAI,GO,"2,73"
2022,MAI,BA,"2,26"
2022,MAI,BRASIL,"2,68"
2022,MAI,ES,"2,5"
2022,MAI,RJ,"2,55"
2022,JUN,RS,"2,94"
2022,JUN,SC,"3,11"
2022,JUN,PR,"3,16"
2022,JUN,SP,"3,17"
2022,JUN,MG,"3,22"
2022,JUN,GO,"3,36"
2022,JUN,BA,"2,69"
2022,JUN,BRASIL,"3,19"
2022,JUN,ES,"2,62"
2022,JUN,RJ,"2,92"
2022,JUL,RS,"3,4"
2022,JUL,SC,"3,54"
2022,JUL,PR,"3,55"
2022,JUL,SP,"3,5"
2022,JUL,MG,"3,61"
2022,JUL,GO,"3,71"
2022,JUL,BA,"2,88"
2022,JUL,BRASIL,"3,57"
2022,JUL,ES,"3,17"
2022,JUL,RJ,"3,38"
2022,AGO,RS,"2,82"
2022,AGO,SC,"2,88"
2022,AGO,PR,"3,02"
2022,AGO,SP,"3,24"
2022,AGO,MG,"3,13"
2022,AGO,GO,"3,24"
2022,AGO,BA,"2,85"
2022,AGO,BRASIL,"3,05"
2022,AGO,ES,"3,44"
2022,AGO,RJ,"3,22"
2022,SET,RS,"2,56"
2022,SET,SC,"2,72"
2022,SET,PR,"2,75"
2022,SET,SP,"3,05"
2022,SET,MG,"2,96"
2022,SET,GO,"3,04"
2022,SET,BA,"2,75"
2022,SET,BRASIL,"2,85"
2022,SET,ES,"3,04"
2022,SET,RJ,"3,25"
2022,OUT,RS,"2,51"
2022,OUT,SC,"2,62"
2022,OUT,PR,"2,69"
2022,OUT,SP,"2,96"
2022,OUT,MG,"2,74"
2022,OUT,GO,"2,84"
2022,OUT,BA,"2,59"
2022,OUT,BRASIL,"2,7"
2022,NOV,RS,"2,45"
2022,NOV,SC,"2,52"
2022,NOV,PR,"2,6"
2022,NOV,SP,"2,65"
2022,NOV,MG,"2,52"
2022,NOV,GO,"2,68"
2022,NOV,BA,"2,51"
2022,NOV,BRASIL,"2,53"
2022,NOV,ES,"2,75"
2022,NOV,RJ,"2,57"
2022,DEZ,RS,"2,45"
2022,DEZ,SC,"2,49"
2022,DEZ,PR,"2,59"
2022,DEZ,SP,"2,57"
2022,DEZ,MG,"2,51"
2022,DEZ,GO,"2,69"
2022,DEZ,BA,"2,47"
2022,DEZ,BRASIL,"2,52"
2022,DEZ,ES,"2,43"
2022,DEZ,RJ,"2,43"
2023,JAN,RS,"2,56"
2023,JAN,SC,"2,67"
2023,JAN,PR,"2,73"
2023,JAN,SP,"2,74"
2023,JAN,MG,"2,67"
2023,JAN,GO,"2,87"
2023,JAN,BA,"2,44"
2023,JAN,BRASIL,"2,66"
2023,JAN,ES,"2,4"
2023,JAN,RJ,"2,57"
2023,FEV,RS,"2,61"
2023,FEV,SC,"2,75"
2023,FEV,PR,"2,83"
2023,FEV,SP,"2,8"
2023,FEV,MG,"2,76"
2023,FEV,GO,"2,88"
2023,FEV,BA,"2,35"
2023,FEV,BRASIL,"2,73"
2023,FEV,ES,"2,5"
2023,FEV,RJ,"2,65"
2023,MAR,RS,"2,72"
2023,MAR,SC,"2,78"
2023,MAR,PR,"2,86"
2023,MAR,SP,"2,87"
2023,MAR,MG,"2,84"
2023,MAR,GO,"2,95"
2023,MAR,BA,"2,41"
2023,MAR,BRASIL,"2,81"
2023,MAR,ES,"2,59"
2023,MAR,RJ,"2,67"
2023,ABR,RS,"2,82"
2023,ABR,SC,"2,93"
2023,ABR,PR,3
2023,ABR,SP,"2,91"
2023,ABR,MG,"2,93"
2023,ABR,GO,"3,02"
2023,ABR,BA,"2,43"
2023,ABR,BRASIL,"2,9"
2023,ABR,ES,"2,76"
2023,ABR,RJ,"2,65"
2023,MAI,RS,"2,59"
2023,MAI,SC,"2,75"
2023,MAI,PR,"2,8"
2023,MAI,SP,"2,84"
2023,MAI,MG,"2,76"
2023,MAI,GO,"2,81"
2023,MAI,BA,"2,34"
2023,MAI,BRASIL,"2,72"
2023,MAI,ES,"2,74"
2023,MAI,RJ,"2,62"
2023,JUN,RS,"2,36"
2023,JUN,SC,"2,49"
2023,JUN,PR,"2,69"
2023,JUN,SP,"2,72"
2023,JUN,MG,"2,62"
2023,JUN,GO,"2,65"
2023,JUN,BA,"2,28"
2023,JUN,BRASIL,"2,56"
2023,JUN,ES,"2,58"
2023,JUN,RJ,"2,53"
2023,JUL,RS,"2,19"
2023,JUL,SC,"2,26"
2023,JUL,PR,"2,51"
2023,JUL,SP,"2,65"
2023,JUL,MG,"2,5"
2023,JUL,GO,"2,57"
2023,JUL,BA,"2,2"
2023,JUL,BRASIL,"2,41"
2023,JUL,ES,"2,41"
2023,JUL,RJ,"2,46"
2023,AGO,RS,"2,04"
2023,AGO,SC,"2,09"
2023,AGO,PR,"2,26"
2023,AGO,SP,"2,52"
2023,AGO,MG,"2,33"
2023,AGO,GO,"2,22"
2023,AGO,BA,"2,09"
2023,AGO,BRASIL,"2,25"
2023,AGO,ES,"2,3"
2023,AGO,RJ,"2,37"
2023,SET,RS,"1,93"
2023,SET,SC,"1,92"
2023,SET,PR,"2,05"
2023,SET,SP,"2,29"
2023,SET,MG,"2,09"
2023,SET,GO,"1,99"
2023,SET,BA,"2,09"
2023,SET,BRASIL,"2,05"
2023,SET,ES,"2,17"
2023,SET,RJ,"1,92"
2023,OUT,RS,"1,92"
2023,OUT,SC,"1,88"
2023,OUT,PR,"1,97"
2023,OUT,SP,"2,16"
2023,OUT,MG,"1,97"
2023,OUT,GO,"1,98"
2023,OUT,BA,"2,08"
2023,OUT,BRASIL,"1,97"
2023,OUT,ES,"1,97"
2023,OUT,RJ,"1,9"
2023,NOV,RS,"2,03"
2023,NOV,SC,"2,02"
2023,NOV,PR,2
2023,NOV,SP,"2,14"
2023,NOV,MG,"1,97"
2023,NOV,GO,"1,98"
2023,NOV,BA,"2,06"
2023,NOV,BRASIL,2
2023,NOV,ES,"1,87"
2023,NOV,RJ,"1,88"
2023,DEZ,RS,"2,06"
2023,DEZ,SC,"2,07"
2023,DEZ,PR,"2,14"
2023,DEZ,SP,"2,14"
2023,DEZ,MG,2
2023,DEZ,GO,"1,99"
2023,DEZ,BA,"2,09"
2023,DEZ,BRASIL,"2,03"
2023,DEZ,ES,"1,86"
2023,DEZ,RJ,"1,83"
2024,JAN,RS,"2,12"
2024,JAN,SC,"2,14"
2024,JAN,PR,"2,24"
2024,JAN,SP,"2,21"
2024,JAN,MG,"2,11"
2024,JAN,GO,"2,13"
2024,JAN,BA,"2,1"
2024,JAN,BRASIL,"2,13"
2024,JAN,ES,"1,89"
2024,JAN,RJ,"1,85"
2024,FEV,RS,"2,24"
2024,FEV,SC,"2,25"
2024,FEV,PR,"2,35"
2024,FEV,SP,"2,3"
2024,FEV,MG,"2,2"
2024,FEV,GO,"2,24"
2024,FEV,BA,"2,13"
2024,FEV,BRASIL,"2,23"
2024,FEV,ES,"1,98"
2024,FEV,RJ,"1,89"
2024,MAR,RS,"2,34"
2024,MAR,SC,"2,3"
2024,MAR,PR,"2,42"
2024,MAR,SP,"2,37"
2024,MAR,MG,"2,31"
2024,MAR,GO,"2,36"
2024,MAR,BA,"2,15"
2024,MAR,BRASIL,"2,33"
2024,MAR,ES,"2,07"
2024,MAR,RJ,"2,01"
2024,ABR,RS,"2,45"
2024,ABR,SC,"2,43"
2024,ABR,PR,"2,57"
2024,ABR,SP,"2,46"
2024,ABR,MG,"2,46"
2024,ABR,GO,"2,46"
2024,ABR,BA,"2,22"
2024,ABR,BRASIL,"2,46"
2024,ABR,ES,"2,18"
2024,ABR,RJ,"2,06"
2024,MAI,RS,"2,65"
2024,MAI,SC,"2,73"
2024,MAI,PR,"2,79"
2024,MAI,SP,"2,64"
2024,MAI,MG,"2,73"
2024,MAI,GO,"2,75"
2024,MAI,BA,"2,31"
2024,MAI,BRASIL,"2,71"
2024,MAI,ES,"2,38"
2024,MAI,RJ,"2,29"
2024,JUN,RS,"2,67"
2024,JUN,SC,"2,76"
2024,JUN,PR,"2,82"
2024,JUN,SP,"2,7"
2024,JUN,MG,"2,79"
2024,JUN,GO,"2,78"
2024,JUN,BA,"2,42"
2024,JUN,BRASIL,"2,75"
2024,JUN,ES,"2,61"
2024,JUN,RJ,"2,56"
2024,JUL,RS,"2,62"
2024,JUL,SC,"2,64"
2024,JUL,PR,"2,74"
2024,JUL,SP,"2,7"
2024,JUL,MG,"2,81"
2024,JUL,GO,"2,73"
2024,JUL,BA,"2,32"
2024,JUL,BRASIL,"2,72"
2024,JUL,ES,"2,65"
2024,JUL,RJ,"2,62"
2024,AGO,RS,"2,66"
2024,AGO,SC,"2,67"
2024,AGO,PR,"2,77"
2024,AGO,SP,"2,75"
2024,AGO,MG,"2,88"
2024,AGO,GO,"2,73"
2024,AGO,BRASIL,"2,76"
2024,AGO,ES,"2,65"
2024,AGO,RJ,"2,7"
2024,SET,RS,"2,72"
2024,SET,SC,"2,81"
2024,SET,PR,"2,92"
2024,SET,SP,"2,84"
2024,SET,MG,"2,99"
2024,SET,GO,"2,81"
2024,SET,BA,"2,6"
2024,SET,BRASIL,"2,87"
2024,SET,ES,"2,71"
2024,SET,RJ,"2,86"
2024,OUT,RS,"2,67"
2024,OUT,SC,"2,77"
2024,OUT,PR,"2,83"
2024,OUT,SP,"2,78"
2024,OUT,MG,"2,93"
2024,OUT,GO,"2,73"
2024,OUT,BA,"2,64"
2024,OUT,BRASIL,"2,81"
2024,OUT,ES,"2,81"
2024,OUT,RJ,"2,87"
2024,NOV,RS,"2,54"
2024,NOV,SC,"2,58"
2024,NOV,PR,"2,7"
2024,NOV,SP,"2,65"
2024,NOV,MG,"2,73"
2024,NOV,GO,"2,53"
2024,NOV,BA,"2,61"
2024,NOV,BRASIL,"2,64"
2024,NOV,ES,"2,78"
2024,NOV,RJ,"2,67"
2024,DEZ,RS,"2,53"
2024,DEZ,SC,"2,49"
2024,DEZ,PR,"2,66"
2024,DEZ,SP,"2,59"
2024,DEZ,MG,"2,65"
2024,DEZ,GO,"2,46"
2024,DEZ,BA,"2,58"
2024,DEZ,BRASIL,"2,58"
2024,DEZ,ES,"2,52"
2024,DEZ,RJ,"2,56"
2025,JAN,RS,"2,6"
2025,JAN,SC,"2,55"
2025,JAN,PR,"2,73"
2025,JAN,SP,"2,63"
2025,JAN,MG,"2,72"
2025,JAN,GO,"2,54"
2025,JAN,BA,"2,56"
2025,JAN,BRASIL,"2,65"
2025,JAN,ES,"2,46"
2025,JAN,RJ,"2,47"
2025,FEV,RS,"2,68"
2025,FEV,SC,"2,68"
2025,FEV,PR,"2,84"
2025,FEV,SP,"2,72"
2025,FEV,MG,"2,87"
2025,FEV,GO,"2,7"
2025,FEV,BA,"2,6"
2025,FEV,BRASIL,"2,77"
2025,FEV,ES,"2,56"
2025,FEV,RJ,"2,65"
2025,MAR,RS,"2,72"
2025,MAR,SC,"2,72"
2025,MAR,PR,"2,89"
2025,MAR,SP,"2,8"
2025,MAR,MG,"2,94"
2025,MAR,GO,"2,71"
2025,MAR,BA,"2,68"
2025,MAR,BRASIL,"2,82"
2025,MAR,ES,"2,66"
2025,MAR,RJ,"2,72"
2025,ABR,RS,"2,66"
2025,ABR,SC,"2,62"
2025,ABR,PR,"2,81"
2025,ABR,SP,"2,77"
2025,ABR,MG,"2,86"
2025,ABR,GO,"2,58"
2025,ABR,BA,"2,66"
2025,ABR,BRASIL,"2,74"
2025,ABR,ES,"2,78"
2025,ABR,RJ,"2,79"
2025,MAI,RS,"2,58"
2025,MAI,SC,"2,5"
2025,MAI,PR,"2,73"
2025,MAI,SP,"2,73"
2025,MAI,MG,"2,73"
2025,MAI,GO,"2,47"
2025,MAI,BA,"2,61"
2025,MAI,BRASIL,"2,64"
2025,MAI,ES,"2,63"
2025,MAI,RJ,"2,73"
2025,JUN,RS,"2,54"
2025,JUN,SC,"2,65"
2025,JUN,PR,"2,74"
2025,JUN,SP,"2,73"
2025,JUN,MG,"2,72"
2025,JUN,GO,"2,53"
2025,JUN,BA,"2,57"
2025,JUN,BRASIL,"2,65"
2025,JUN,ES,"2,61"
2025,JUN,RJ,"2,73"
2025,JUL,RS,"2,49"
2025,JUL,SC,"2,58"
2025,JUL,PR,"2,71"
2025,JUL,SP,"2,7"
2025,JUL,MG,"2,7"
2025,JUL,GO,"2,54"
2025,JUL,BA,"2,54"
2025,JUL,BRASIL,"2,62"
2025,JUL,ES,"2,6"
2025,JUL,RJ,"2,6"
2025,AGO,RS,"2,43"
2025,AGO,SC,"2,44"
2025,AGO,PR,"2,58"
2025,AGO,SP,"2,65"
2025,AGO,MG,"2,62"
2025,AGO,GO,"2,44"
2025,AGO,BA,"2,5"
2025,AGO,BRASIL,"2,54"
2025,AGO,ES,"2,5"
2025,AGO,RJ,"2,49"
2025,SET,RS,"2,36"
2025,SET,SC,"2,34"
2025,SET,PR,"2,46"
2025,SET,SP,"2,56"
2025,SET,MG,"2,53"
2025,SET,GO,"2,34"
2025,SET,BA,"2,47"
2025,SET,BRASIL,"2,44"
2025,SET,ES,"2,55"
2025,SET,RJ,"2,58"
2025,OUT,RS,"2,22"
2025,OUT,SC,"2,2"
2025,OUT,PR,"2,29"
2025,OUT,SP,"2,42"
2025,OUT,MG,"2,39"
2025,OUT,GO,"2,21"
2025,OUT,BA,"2,37"
2025,OUT,BRASIL,"2,3"
2025,OUT,ES,"2,24"
2025,OUT,RJ,"2,45"
2025,NOV,RS,"2,07"
2025,NOV,SC,"2,01"
2025,NOV,PR,"2,06"
2025,NOV,SP,"2,23"
2025,NOV,MG,"2,19"
2025,NOV,GO,"2,02"
2025,NOV,BA,"2,2"
2025,NOV,BRASIL,"2,11"
2025,NOV,ES,"2,02"
2025,NOV,RJ,"2,28"
2025,DEZ,RS,"2,01"
2025,DEZ,SC,"1,91"
2025,DEZ,PR,2
2025,DEZ,SP,"2,12"
2025,DEZ,MG,"2,03"
2025,DEZ,GO,"1,88"
2025,DEZ,BA,"2,06"
2025,DEZ,BRASIL,2
2025,DEZ,ES,"1,96"
2025,DEZ,RJ,"2,06"
2026,JAN,RS,2
2026,JAN,SC,"1,96"
2026,JAN,PR,"2,04"
2026,JAN,SP,"2,11"
2026,JAN,MG,"2,06"
2026,JAN,GO,"1,92"
2026,JAN,BA,"2,07"
2026,JAN,BRASIL,"2,02"
2026,JAN,ES,"1,93"
2026,JAN,RJ,"2,06"
2026,FEV,RS,"2,1"
2026,FEV,SC,"2,07"
2026,FEV,PR,"2,17"
2026,FEV,SP,"2,2"
2026,FEV,MG,"2,2"
2026,FEV,GO,"2,1"
2026,FEV,BA,"2,1"
2026,FEV,BRASIL,"2,15"
2026,FEV,ES,"1,99"
2026,FEV,RJ,"2,14"
2026,MAR,RS,"2,31"
2026,MAR,SC,"2,36"
2026,MAR,PR,"2,47"
2026,MAR,SP,"2,42"
2026,MAR,MG,"2,46"
2026,MAR,GO,"2,34"
2026,MAR,BA,"2,19"
2026,MAR,BRASIL,"2,39"
2026,MAR,ES,"2,06"
2026,MAR,RJ,"2,28"
2026,ABR,RS,"2,52"
2026,ABR,SC,"2,69"
2026,ABR,PR,"2,76"
2026,ABR,SP,"2,65"
2026,ABR,MG,"2,75"
2026,ABR,GO,"2,59"
2026,ABR,BA,"2,35"
2026,ABR,BRASIL,"2,66"
2026,ABR,ES,"2,29"
2026,ABR,RJ,"2,57"
2026,MAI,RS,"2,49"
2026,MAI,SC,"2,63"
2026,MAI,PR,"2,68"
2026,MAI,SP,"2,7"
2026,MAI,MG,"2,77"
2026,MAI,GO,"2,63"
2026,MAI,BA,"2,46"
2026,MAI,BRASIL,"2,66"
2026,MAI,ES,"2,55"
2026,MAI,RJ,"2,76"
2026,JUN,RS,"2,54"
2026,JUN,SC,"2,71"
2026,JUN,PR,"2,77"
2026,JUN,SP,"2,84"
2026,JUN,MG,"2,89"
2026,JUN,GO,"2,77"
2026,JUN,BA,"2,58"
2026,JUN,BRASIL,"2,75"
2026,JUN,ES,"2,65"
2026,JUN,RJ,"2,8"
2026,JUL,RS,"2,66"
2026,JUL,SC,"2,79"
2026,JUL,PR,"2,9"
2026,JUL,SP,"2,97"
2026,JUL,MG,"3,02"
2026,JUL,GO,"2,94"
2026,JUL,BA,"2,67"
2026,JUL,BRASIL,"2,88"
2026,JUL,ES,"2,73"
2026,JUL,RJ,"2,72"