data,qtd_vacas,litros_mes,preco_unitario,valor_total,preco_cepea_brasil,preco_cepea_sc
2024-09-01,23,11178.3,2.441,27286.23,2.87,2.81
2024-10-01,22,11197.4,2.332,26112.34,2.81,2.77
2024-11-01,22,12197.9,2.276,27762.42,2.64,2.58
2024-12-01,22,12281.5,2.252,27657.94,2.58,2.49
2025-01-01,21,11379.3,2.334,26559.29,2.65,2.55
2025-02-01,20,9964.3,2.333,23246.71,2.77,2.68
2025-03-01,20,10117.6,2.441,24697.06,2.82,2.72
2025-04-01,19,8579.8,2.534,21741.21,2.74,2.62
2025-05-01,19,7912.8,2.67,21127.18,2.64,2.5
2025-06-01,19,7509.3,2.778,20860.84,2.65,2.65
2025-07-01,19,7493.3,2.865,21468.3,2.62,2.58
2025-08-01,19,7756.0,2.78,21561.68,2.54,2.44
2025-09-01,19,8823.8,2.592,22871.29,2.44,2.34
2025-10-01,18,9534.8,2.484,23684.44,2.3,2.2
2025-11-01,18,10057.5,2.383,23967.02,2.11,2.01
2025-12-01,18,10405.9,2.399,24963.75,2.0,1.91
2026-01-01,18,9800.7,2.507,24570.35,2.02,1.96
2026-02-01,19,9431.4,2.502,23597.36,2.15,2.07
2026-03-01,19,9531.5,2.645,25210.82,2.39,2.36
2026-04-01,20,8939.3,2.766,24726.1,2.66,2.69
2026-05-01,19,7959.8,2.87,22844.63,2.66,2.63
2026-06-01,19,7347.8,2.98,21896.44,2.75,2.71
2026-07-01,18,7475.8,2.995,22390.02,2.88,2.79
2026-08-01,18,7633.1,2.937,22418.41,,
